rep,source_node,dest_node,num_steps,update_discovered
001,80,80,0,99943
001,79,79,0,99268
001,78,78,0,98847
001,77,77,0,97712
001,76,76,0,97661
001,75,75,0,97642
001,74,74,0,93024
001,73,73,0,92989
001,72,72,0,92969
001,71,71,0,92967
001,70,70,0,89340
001,69,69,0,89112
001,68,68,0,89049
001,67,67,0,88901
001,66,66,0,88807
001,65,65,0,88341
001,64,64,0,88129
001,63,63,0,87880
001,62,62,0,87861
001,61,61,0,87723
001,60,60,0,87709
001,59,59,0,86070
001,28,28,0,29101
001,27,27,0,28585
001,26,26,0,28537
001,25,25,0,26943
001,24,24,0,26705
001,23,23,0,25933
001,22,22,0,25784
001,21,21,0,25726
001,20,20,0,25695
001,19,19,0,25652
001,18,18,0,25459
001,17,17,0,16316
001,16,16,0,15471
001,15,15,0,15455
001,14,14,0,15246
001,13,13,0,15181
001,0,0,0,1
001,1,1,0,2
001,2,2,0,4
001,3,3,0,24
001,4,4,0,109
001,5,5,0,310
001,6,6,0,1399
001,7,7,0,3240
001,8,8,0,3316
001,9,9,0,3350
001,10,10,0,3448
001,11,11,0,6574
001,12,12,0,10192
001,29,29,0,29120
001,30,30,0,29486
001,31,31,0,33277
001,32,32,0,34679
001,33,33,0,34718
001,34,34,0,34805
001,35,35,0,35110
001,36,36,0,38678
001,37,37,0,40468
001,38,38,0,40488
001,39,39,0,41721
001,40,40,0,44677
001,41,41,0,45837
001,42,42,0,50339
001,43,43,0,51826
001,44,44,0,52164
001,45,45,0,52704
001,46,46,0,52721
001,47,47,0,57713
001,48,48,0,64057
001,49,49,0,71950
001,50,50,0,77939
001,51,51,0,77965
001,52,52,0,83633
001,53,53,0,83812
001,54,54,0,84861
001,55,55,0,85158
001,56,56,0,85161
001,57,57,0,85246
001,58,58,0,85948
002,132,132,0,97182
002,131,131,0,97156
002,130,130,0,97133
002,129,129,0,94666
002,128,128,0,94025
002,127,127,0,93255
002,58,58,0,38569
002,57,57,0,34641
002,56,56,0,34595
002,55,55,0,33736
002,54,54,0,32913
002,53,53,0,32297
002,52,52,0,31938
002,51,51,0,30133
002,50,50,0,30108
002,49,49,0,25015
002,48,48,0,24611
002,47,47,0,24606
002,46,46,0,22827
002,45,45,0,22779
002,44,44,0,21801
002,43,43,0,19727
002,42,42,0,19595
002,41,41,0,19523
002,40,40,0,19488
002,39,39,0,17696
002,38,38,0,17246
002,37,37,0,16352
002,36,36,0,12092
002,35,35,0,12075
002,34,34,0,9526
002,33,33,0,9494
002,32,32,0,9280
002,31,31,0,9248
002,30,30,0,9240
002,29,29,0,9164
002,12,12,0,1384
002,11,11,0,1331
002,10,10,0,1279
002,9,9,0,443
002,8,8,0,411
002,7,7,0,401
002,6,6,0,306
002,5,5,0,304
002,4,4,0,36
002,3,3,0,10
002,2,2,0,5
002,1,1,0,2
002,0,0,0,1
002,13,13,0,2215
002,14,14,0,2356
002,15,15,0,3209
002,16,16,0,3366
002,17,17,0,3423
002,18,18,0,3454
002,19,19,0,3600
002,20,20,0,6017
002,21,21,0,6844
002,22,22,0,6984
002,23,23,0,7026
002,24,24,0,7084
002,25,25,0,8454
002,26,26,0,8462
002,27,27,0,8490
002,28,28,0,8591
002,59,59,0,38653
002,60,60,0,39870
002,61,61,0,39944
002,62,62,0,40126
002,63,63,0,42019
002,64,64,0,42649
002,65,65,0,42816
002,66,66,0,42860
002,67,67,0,42930
002,68,68,0,43211
002,69,69,0,43219
002,70,70,0,44003
002,71,71,0,44032
002,72,72,0,45481
002,73,73,0,46156
002,74,74,0,46443
002,75,75,0,46459
002,76,76,0,46487
002,77,77,0,46536
002,78,78,0,46657
002,79,79,0,46668
002,80,80,0,47567
002,81,81,0,51214
002,82,82,0,51260
002,83,83,0,54568
002,84,84,0,54573
002,85,85,0,56285
002,86,86,0,60811
002,87,87,0,60854
002,88,88,0,61627
002,89,89,0,62021
002,90,90,0,62041
002,91,91,0,62082
002,92,92,0,62230
002,93,93,0,62233
002,94,94,0,62289
002,95,95,0,68081
002,96,96,0,69258
002,97,97,0,69367
002,98,98,0,70226
002,99,99,0,70762
002,100,100,0,70829
002,101,101,0,70872
002,102,102,0,70894
002,103,103,0,71783
002,104,104,0,71886
002,105,105,0,71908
002,106,106,0,71949
002,107,107,0,72020
002,108,108,0,72037
002,109,109,0,72055
002,110,110,0,74630
002,111,111,0,74650
002,112,112,0,74779
002,113,113,0,74804
002,114,114,0,75170
002,115,115,0,75191
002,116,116,0,75207
002,117,117,0,75232
002,118,118,0,75251
002,119,119,0,75627
002,120,120,0,77240
002,121,121,0,77260
002,122,122,0,77278
002,123,123,0,87793
002,124,124,0,89922
002,125,125,0,90776
002,126,126,0,93242
003,89,89,0,96372
003,88,88,0,96304
003,87,87,0,96217
003,86,86,0,96173
003,85,85,0,96165
003,84,84,0,94852
003,83,83,0,94653
003,82,82,0,94452
003,81,81,0,94439
003,80,80,0,94421
003,79,79,0,92844
003,78,78,0,92739
003,77,77,0,92123
003,76,76,0,92073
003,75,75,0,89739
003,74,74,0,84866
003,73,73,0,84387
003,72,72,0,84265
003,71,71,0,84234
003,70,70,0,77874
003,69,69,0,77364
003,68,68,0,72800
003,67,67,0,72349
003,66,66,0,72177
003,65,65,0,72161
003,64,64,0,70838
003,63,63,0,70637
003,62,62,0,65382
003,61,61,0,65357
003,60,60,0,65306
003,59,59,0,65280
003,28,28,0,22524
003,27,27,0,19165
003,26,26,0,15241
003,25,25,0,14916
003,24,24,0,10100
003,23,23,0,10001
003,22,22,0,9862
003,21,21,0,9685
003,20,20,0,9647
003,19,19,0,9620
003,18,18,0,9526
003,17,17,0,9000
003,16,16,0,8943
003,15,15,0,8853
003,14,14,0,8036
003,13,13,0,7948
003,0,0,0,1
003,1,1,0,2
003,2,2,0,5
003,3,3,0,7
003,4,4,0,67
003,5,5,0,533
003,6,6,0,1678
003,7,7,0,1829
003,8,8,0,1849
003,9,9,0,2811
003,10,10,0,3160
003,11,11,0,6740
003,12,12,0,7047
003,29,29,0,23897
003,30,30,0,25887
003,31,31,0,25902
003,32,32,0,26202
003,33,33,0,28143
003,34,34,0,28252
003,35,35,0,29156
003,36,36,0,29174
003,37,37,0,30657
003,38,38,0,30694
003,39,39,0,30876
003,40,40,0,31271
003,41,41,0,32812
003,42,42,0,36968
003,43,43,0,37203
003,44,44,0,37292
003,45,45,0,51667
003,46,46,0,51669
003,47,47,0,51684
003,48,48,0,51695
003,49,49,0,51766
003,50,50,0,51843
003,51,51,0,56826
003,52,52,0,60333
003,53,53,0,62880
003,54,54,0,64760
003,55,55,0,64983
003,56,56,0,65007
003,57,57,0,65144
003,58,58,0,65275
004,150,150,0,99848
004,149,149,0,97541
004,148,148,0,97264
004,147,147,0,97233
004,146,146,0,97229
004,145,145,0,97221
004,144,144,0,97219
004,143,143,0,96889
004,142,142,0,96850
004,141,141,0,96342
004,140,140,0,95851
004,139,139,0,95236
004,138,138,0,94968
004,137,137,0,94518
004,136,136,0,94468
004,135,135,0,94395
004,134,134,0,91588
004,133,133,0,91348
004,132,132,0,91172
004,131,131,0,91123
004,130,130,0,91097
004,129,129,0,89224
004,128,128,0,89012
004,127,127,0,88981
004,58,58,0,38210
004,57,57,0,37806
004,56,56,0,37757
004,55,55,0,37716
004,54,54,0,37216
004,53,53,0,37109
004,52,52,0,36706
004,51,51,0,36705
004,50,50,0,33804
004,49,49,0,33033
004,48,48,0,29388
004,47,47,0,29187
004,46,46,0,25497
004,45,45,0,25489
004,44,44,0,23731
004,43,43,0,23448
004,42,42,0,23151
004,41,41,0,23096
004,40,40,0,23019
004,39,39,0,20970
004,38,38,0,20340
004,37,37,0,20324
004,36,36,0,20120
004,35,35,0,20110
004,34,34,0,19390
004,33,33,0,19374
004,32,32,0,19373
004,31,31,0,19368
004,30,30,0,19357
004,29,29,0,18656
004,12,12,0,6472
004,11,11,0,6398
004,10,10,0,6327
004,9,9,0,353
004,8,8,0,327
004,7,7,0,284
004,6,6,0,110
004,5,5,0,84
004,4,4,0,78
004,3,3,0,34
004,2,2,0,5
004,1,1,0,2
004,0,0,0,1
004,13,13,0,7053
004,14,14,0,7068
004,15,15,0,10931
004,16,16,0,10938
004,17,17,0,11292
004,18,18,0,13171
004,19,19,0,13317
004,20,20,0,16709
004,21,21,0,17686
004,22,22,0,17711
004,23,23,0,17780
004,24,24,0,17836
004,25,25,0,18106
004,26,26,0,18135
004,27,27,0,18144
004,28,28,0,18589
004,59,59,0,38222
004,60,60,0,38241
004,61,61,0,38246
004,62,62,0,38254
004,63,63,0,38281
004,64,64,0,38326
004,65,65,0,38613
004,66,66,0,38636
004,67,67,0,38706
004,68,68,0,40092
004,69,69,0,40177
004,70,70,0,40204
004,71,71,0,40521
004,72,72,0,40684
004,73,73,0,40814
004,74,74,0,40839
004,75,75,0,40873
004,76,76,0,42682
004,77,77,0,42689
004,78,78,0,46381
004,79,79,0,54622
004,80,80,0,55079
004,81,81,0,55092
004,82,82,0,55167
004,83,83,0,55168
004,84,84,0,55790
004,85,85,0,55938
004,86,86,0,55969
004,87,87,0,56022
004,88,88,0,56029
004,89,89,0,56211
004,90,90,0,57359
004,91,91,0,57372
004,92,92,0,57462
004,93,93,0,57851
004,94,94,0,57962
004,95,95,0,59261
004,96,96,0,59825
004,97,97,0,59863
004,98,98,0,60755
004,99,99,0,61077
004,100,100,0,61184
004,101,101,0,61226
004,102,102,0,61236
004,103,103,0,61266
004,104,104,0,61306
004,105,105,0,61924
004,106,106,0,61955
004,107,107,0,65368
004,108,108,0,65373
004,109,109,0,65724
004,110,110,0,65734
004,111,111,0,65798
004,112,112,0,65804
004,113,113,0,66129
004,114,114,0,68813
004,115,115,0,68956
004,116,116,0,70716
004,117,117,0,80803
004,118,118,0,80859
004,119,119,0,80920
004,120,120,0,82147
004,121,121,0,86099
004,122,122,0,86110
004,123,123,0,86119
004,124,124,0,86124
004,125,125,0,86643
004,126,126,0,88012
005,130,130,0,99638
005,129,129,0,99557
005,128,128,0,99532
005,127,127,0,99527
005,58,58,0,27039
005,57,57,0,27012
005,56,56,0,26935
005,55,55,0,26927
005,54,54,0,25703
005,53,53,0,25637
005,52,52,0,25306
005,51,51,0,25149
005,50,50,0,25136
005,49,49,0,23518
005,48,48,0,23503
005,47,47,0,23479
005,46,46,0,22419
005,45,45,0,22404
005,44,44,0,19743
005,43,43,0,18924
005,42,42,0,18918
005,41,41,0,18752
005,40,40,0,18737
005,39,39,0,18707
005,38,38,0,18615
005,37,37,0,18481
005,36,36,0,18403
005,35,35,0,18372
005,34,34,0,18361
005,33,33,0,18128
005,32,32,0,17914
005,31,31,0,17792
005,30,30,0,17791
005,29,29,0,17078
005,12,12,0,5333
005,11,11,0,3610
005,10,10,0,3037
005,9,9,0,2563
005,8,8,0,2417
005,7,7,0,2024
005,6,6,0,795
005,5,5,0,787
005,4,4,0,155
005,3,3,0,20
005,2,2,0,8
005,1,1,0,2
005,0,0,0,1
005,13,13,0,5363
005,14,14,0,5410
005,15,15,0,5418
005,16,16,0,6868
005,17,17,0,6892
005,18,18,0,7163
005,19,19,0,7180
005,20,20,0,9590
005,21,21,0,10731
005,22,22,0,10740
005,23,23,0,11230
005,24,24,0,11499
005,25,25,0,12367
005,26,26,0,17034
005,27,27,0,17056
005,28,28,0,17076
005,59,59,0,28247
005,60,60,0,29289
005,61,61,0,29292
005,62,62,0,29319
005,63,63,0,29440
005,64,64,0,29447
005,65,65,0,42040
005,66,66,0,42047
005,67,67,0,42055
005,68,68,0,42071
005,69,69,0,42167
005,70,70,0,42789
005,71,71,0,42799
005,72,72,0,42907
005,73,73,0,42913
005,74,74,0,43259
005,75,75,0,46488
005,76,76,0,49711
005,77,77,0,49824
005,78,78,0,50347
005,79,79,0,50603
005,80,80,0,54883
005,81,81,0,54944
005,82,82,0,55119
005,83,83,0,55272
005,84,84,0,55390
005,85,85,0,59861
005,86,86,0,66545
005,87,87,0,66555
005,88,88,0,66614
005,89,89,0,67821
005,90,90,0,67873
005,91,91,0,67874
005,92,92,0,73471
005,93,93,0,75824
005,94,94,0,75848
005,95,95,0,79206
005,96,96,0,81410
005,97,97,0,81438
005,98,98,0,81893
005,99,99,0,83052
005,100,100,0,88663
005,101,101,0,88705
005,102,102,0,88741
005,103,103,0,88760
005,104,104,0,88897
005,105,105,0,88925
005,106,106,0,89405
005,107,107,0,89473
005,108,108,0,91131
005,109,109,0,91179
005,110,110,0,92320
005,111,111,0,93357
005,112,112,0,95940
005,113,113,0,96079
005,114,114,0,96150
005,115,115,0,97264
005,116,116,0,97997
005,117,117,0,98054
005,118,118,0,98140
005,119,119,0,98233
005,120,120,0,98241
005,121,121,0,98245
005,122,122,0,99168
005,123,123,0,99318
005,124,124,0,99466
005,125,125,0,99503
005,126,126,0,99512
006,107,107,0,93617
006,106,106,0,80060
006,105,105,0,80039
006,104,104,0,70327
006,103,103,0,70317
006,102,102,0,70306
006,101,101,0,69282
006,100,100,0,69281
006,99,99,0,67583
006,98,98,0,67325
006,97,97,0,67297
006,96,96,0,67088
006,95,95,0,64002
006,94,94,0,61807
006,93,93,0,61804
006,92,92,0,61790
006,91,91,0,61784
006,90,90,0,61776
006,89,89,0,61358
006,88,88,0,60063
006,87,87,0,60015
006,86,86,0,60004
006,85,85,0,59995
006,84,84,0,57101
006,83,83,0,53478
006,82,82,0,53413
006,81,81,0,52300
006,80,80,0,52294
006,79,79,0,49262
006,78,78,0,49175
006,77,77,0,49150
006,76,76,0,49143
006,75,75,0,48584
006,74,74,0,48322
006,73,73,0,48296
006,72,72,0,47965
006,71,71,0,43264
006,70,70,0,42005
006,69,69,0,41439
006,68,68,0,41397
006,67,67,0,41327
006,66,66,0,41283
006,65,65,0,37250
006,64,64,0,34489
006,63,63,0,34442
006,62,62,0,34347
006,61,61,0,34305
006,60,60,0,34284
006,59,59,0,33823
006,28,28,0,16456
006,27,27,0,16264
006,26,26,0,16236
006,25,25,0,16225
006,24,24,0,16203
006,23,23,0,16152
006,22,22,0,16133
006,21,21,0,16125
006,20,20,0,16117
006,19,19,0,16070
006,18,18,0,16043
006,17,17,0,7843
006,16,16,0,7680
006,15,15,0,7655
006,14,14,0,7607
006,13,13,0,5970
006,0,0,0,1
006,1,1,0,2
006,2,2,0,3
006,3,3,0,14
006,4,4,0,51
006,5,5,0,81
006,6,6,0,434
006,7,7,0,460
006,8,8,0,1331
006,9,9,0,1335
006,10,10,0,3101
006,11,11,0,3850
006,12,12,0,5506
006,29,29,0,20004
006,30,30,0,20417
006,31,31,0,20430
006,32,32,0,20501
006,33,33,0,20822
006,34,34,0,21717
006,35,35,0,21993
006,36,36,0,22022
006,37,37,0,22364
006,38,38,0,22818
006,39,39,0,23293
006,40,40,0,24388
006,41,41,0,24433
006,42,42,0,24444
006,43,43,0,24504
006,44,44,0,24528
006,45,45,0,25695
006,46,46,0,25747
006,47,47,0,25911
006,48,48,0,25920
006,49,49,0,26623
006,50,50,0,26640
006,51,51,0,26663
006,52,52,0,26668
006,53,53,0,26683
006,54,54,0,26746
006,55,55,0,28128
006,56,56,0,28143
006,57,57,0,33536
006,58,58,0,33570
007,69,69,0,90021
007,68,68,0,88205
007,67,67,0,86287
007,66,66,0,82136
007,65,65,0,82123
007,64,64,0,79340
007,63,63,0,79165
007,62,62,0,77877
007,61,61,0,77764
007,60,60,0,73788
007,59,59,0,73755
007,28,28,0,35002
007,27,27,0,34678
007,26,26,0,19378
007,25,25,0,19375
007,24,24,0,18662
007,23,23,0,18539
007,22,22,0,16423
007,21,21,0,13458
007,20,20,0,13448
007,19,19,0,13065
007,18,18,0,12275
007,17,17,0,12010
007,16,16,0,11897
007,15,15,0,11885
007,14,14,0,9900
007,13,13,0,4462
007,0,0,0,1
007,1,1,0,2
007,2,2,0,5
007,3,3,0,7
007,4,4,0,86
007,5,5,0,875
007,6,6,0,886
007,7,7,0,1293
007,8,8,0,3705
007,9,9,0,4312
007,10,10,0,4338
007,11,11,0,4379
007,12,12,0,4454
007,29,29,0,35066
007,30,30,0,37296
007,31,31,0,41380
007,32,32,0,41477
007,33,33,0,43825
007,34,34,0,44597
007,35,35,0,45597
007,36,36,0,45652
007,37,37,0,45679
007,38,38,0,46028
007,39,39,0,46058
007,40,40,0,48945
007,41,41,0,54071
007,42,42,0,54082
007,43,43,0,54139
007,44,44,0,57566
007,45,45,0,59392
007,46,46,0,59864
007,47,47,0,59899
007,48,48,0,59948
007,49,49,0,59960
007,50,50,0,60440
007,51,51,0,66725
007,52,52,0,66794
007,53,53,0,69219
007,54,54,0,69228
007,55,55,0,69777
007,56,56,0,72570
007,57,57,0,72675
007,58,58,0,73633
008,88,88,0,89687
008,87,87,0,89665
008,86,86,0,87726
008,85,85,0,85330
008,84,84,0,85157
008,83,83,0,84642
008,82,82,0,84384
008,81,81,0,82387
008,80,80,0,82269
008,79,79,0,81352
008,78,78,0,81284
008,77,77,0,81258
008,76,76,0,81249
008,75,75,0,81236
008,74,74,0,81216
008,73,73,0,81214
008,72,72,0,80829
008,71,71,0,80661
008,70,70,0,80636
008,69,69,0,80596
008,68,68,0,80565
008,67,67,0,80149
008,66,66,0,80110
008,65,65,0,77977
008,64,64,0,77455
008,63,63,0,77415
008,62,62,0,77374
008,61,61,0,77370
008,60,60,0,74556
008,59,59,0,74285
008,28,28,0,42151
008,27,27,0,42078
008,26,26,0,42048
008,25,25,0,42034
008,24,24,0,40405
008,23,23,0,39861
008,22,22,0,39750
008,21,21,0,34703
008,20,20,0,33970
008,19,19,0,33858
008,18,18,0,30127
008,17,17,0,30088
008,16,16,0,30077
008,15,15,0,30042
008,14,14,0,30038
008,13,13,0,19215
008,0,0,0,1
008,1,1,0,2
008,2,2,0,4
008,3,3,0,31
008,4,4,0,89
008,5,5,0,1766
008,6,6,0,1776
008,7,7,0,1830
008,8,8,0,1854
008,9,9,0,7659
008,10,10,0,7777
008,11,11,0,8269
008,12,12,0,19177
008,29,29,0,44138
008,30,30,0,48838
008,31,31,0,55334
008,32,32,0,55384
008,33,33,0,56187
008,34,34,0,56193
008,35,35,0,57143
008,36,36,0,62814
008,37,37,0,62967
008,38,38,0,62973
008,39,39,0,62993
008,40,40,0,64423
008,41,41,0,64431
008,42,42,0,66687
008,43,43,0,66711
008,44,44,0,66792
008,45,45,0,67305
008,46,46,0,67374
008,47,47,0,68316
008,48,48,0,70327
008,49,49,0,70401
008,50,50,0,73272
008,51,51,0,73282
008,52,52,0,73353
008,53,53,0,73473
008,54,54,0,73762
008,55,55,0,73866
008,56,56,0,74266
008,57,57,0,74268
008,58,58,0,74273
009,103,103,0,99100
009,102,102,0,98769
009,101,101,0,98631
009,100,100,0,98424
009,99,99,0,96493
009,98,98,0,85988
009,97,97,0,85894
009,96,96,0,85892
009,95,95,0,85871
009,94,94,0,85282
009,93,93,0,85257
009,92,92,0,85038
009,91,91,0,85002
009,90,90,0,84986
009,89,89,0,84723
009,88,88,0,84716
009,87,87,0,84310
009,86,86,0,84289
009,85,85,0,84269
009,84,84,0,84265
009,83,83,0,74874
009,82,82,0,74645
009,81,81,0,73508
009,80,80,0,73483
009,79,79,0,73224
009,78,78,0,70922
009,77,77,0,70898
009,76,76,0,70785
009,75,75,0,69703
009,74,74,0,69167
009,73,73,0,69080
009,72,72,0,68993
009,71,71,0,65908
009,70,70,0,65903
009,69,69,0,65866
009,68,68,0,64966
009,67,67,0,64871
009,66,66,0,57959
009,65,65,0,45945
009,64,64,0,43554
009,63,63,0,41433
009,62,62,0,41415
009,61,61,0,41189
009,60,60,0,41175
009,59,59,0,41149
009,28,28,0,22497
009,27,27,0,20834
009,26,26,0,20806
009,25,25,0,20803
009,24,24,0,15842
009,23,23,0,15584
009,22,22,0,15251
009,21,21,0,15112
009,20,20,0,15057
009,19,19,0,13864
009,18,18,0,13802
009,17,17,0,13713
009,16,16,0,13617
009,15,15,0,13597
009,14,14,0,8522
009,13,13,0,8498
009,0,0,0,1
009,1,1,0,2
009,2,2,0,4
009,3,3,0,16
009,4,4,0,113
009,5,5,0,2883
009,6,6,0,3508
009,7,7,0,3579
009,8,8,0,3616
009,9,9,0,3620
009,10,10,0,6362
009,11,11,0,8446
009,12,12,0,8476
009,29,29,0,23389
009,30,30,0,24954
009,31,31,0,24971
009,32,32,0,24982
009,33,33,0,25008
009,34,34,0,25038
009,35,35,0,28080
009,36,36,0,28126
009,37,37,0,28162
009,38,38,0,28316
009,39,39,0,30919
009,40,40,0,31379
009,41,41,0,31401
009,42,42,0,31434
009,43,43,0,31470
009,44,44,0,34577
009,45,45,0,36195
009,46,46,0,36237
009,47,47,0,36288
009,48,48,0,36299
009,49,49,0,36366
009,50,50,0,36819
009,51,51,0,36826
009,52,52,0,36900
009,53,53,0,36916
009,54,54,0,36973
009,55,55,0,40738
009,56,56,0,40754
009,57,57,0,41057
009,58,58,0,41132
010,138,138,0,99972
010,137,137,0,99833
010,136,136,0,99790
010,135,135,0,99783
010,134,134,0,99741
010,133,133,0,99715
010,132,132,0,99626
010,131,131,0,99607
010,130,130,0,98571
010,129,129,0,92098
010,128,128,0,90494
010,127,127,0,90435
010,58,58,0,35790
010,57,57,0,35772
010,56,56,0,35766
010,55,55,0,35752
010,54,54,0,35725
010,53,53,0,34809
010,52,52,0,29621
010,51,51,0,29536
010,50,50,0,27744
010,49,49,0,26188
010,48,48,0,25737
010,47,47,0,25647
010,46,46,0,17564
010,45,45,0,17519
010,44,44,0,16253
010,43,43,0,16099
010,42,42,0,16059
010,41,41,0,12519
010,40,40,0,10421
010,39,39,0,8171
010,38,38,0,8131
010,37,37,0,7403
010,36,36,0,7389
010,35,35,0,7373
010,34,34,0,6684
010,33,33,0,6671
010,32,32,0,6646
010,31,31,0,6474
010,30,30,0,6437
010,29,29,0,5582
010,12,12,0,1736
010,11,11,0,1722
010,10,10,0,1355
010,9,9,0,1350
010,8,8,0,1204
010,7,7,0,176
010,6,6,0,139
010,5,5,0,117
010,4,4,0,94
010,3,3,0,33
010,2,2,0,4
010,1,1,0,2
010,0,0,0,1
010,13,13,0,1745
010,14,14,0,1760
010,15,15,0,1957
010,16,16,0,3140
010,17,17,0,3283
010,18,18,0,3322
010,19,19,0,3370
010,20,20,0,4434
010,21,21,0,4438
010,22,22,0,4491
010,23,23,0,4544
010,24,24,0,4888
010,25,25,0,5393
010,26,26,0,5428
010,27,27,0,5488
010,28,28,0,5505
010,59,59,0,35977
010,60,60,0,36739
010,61,61,0,36760
010,62,62,0,37647
010,63,63,0,37718
010,64,64,0,37723
010,65,65,0,38867
010,66,66,0,38879
010,67,67,0,38955
010,68,68,0,39555
010,69,69,0,39561
010,70,70,0,40694
010,71,71,0,40706
010,72,72,0,43244
010,73,73,0,43445
010,74,74,0,44843
010,75,75,0,44852
010,76,76,0,44856
010,77,77,0,44947
010,78,78,0,45013
010,79,79,0,45069
010,80,80,0,45267
010,81,81,0,45278
010,82,82,0,45284
010,83,83,0,45435
010,84,84,0,45774
010,85,85,0,45790
010,86,86,0,45813
010,87,87,0,45818
010,88,88,0,45837
010,89,89,0,45993
010,90,90,0,46028
010,91,91,0,46048
010,92,92,0,49388
010,93,93,0,49522
010,94,94,0,50078
010,95,95,0,50501
010,96,96,0,50515
010,97,97,0,50549
010,98,98,0,50574
010,99,99,0,51353
010,100,100,0,51407
010,101,101,0,56276
010,102,102,0,56748
010,103,103,0,56986
010,104,104,0,57157
010,105,105,0,63155
010,106,106,0,63160
010,107,107,0,63308
010,108,108,0,63360
010,109,109,0,71451
010,110,110,0,71575
010,111,111,0,71577
010,112,112,0,71603
010,113,113,0,71810
010,114,114,0,71851
010,115,115,0,74458
010,116,116,0,76510
010,117,117,0,76809
010,118,118,0,76971
010,119,119,0,87880
010,120,120,0,87988
010,121,121,0,88265
010,122,122,0,88492
010,123,123,0,88514
010,124,124,0,88959
010,125,125,0,90327
010,126,126,0,90336
011,128,128,0,99453
011,127,127,0,99169
011,58,58,0,37993
011,57,57,0,34740
011,56,56,0,34692
011,55,55,0,34682
011,54,54,0,34670
011,53,53,0,34385
011,52,52,0,34148
011,51,51,0,34069
011,50,50,0,34045
011,49,49,0,33979
011,48,48,0,33880
011,47,47,0,33855
011,46,46,0,33843
011,45,45,0,33801
011,44,44,0,30259
011,43,43,0,30138
011,42,42,0,29749
011,41,41,0,29461
011,40,40,0,29429
011,39,39,0,28791
011,38,38,0,28480
011,37,37,0,28206
011,36,36,0,27821
011,35,35,0,23948
011,34,34,0,23091
011,33,33,0,23076
011,32,32,0,23054
011,31,31,0,22983
011,30,30,0,21573
011,29,29,0,19928
011,12,12,0,6343
011,11,11,0,6337
011,10,10,0,6328
011,9,9,0,5999
011,8,8,0,3020
011,7,7,0,2563
011,6,6,0,2466
011,5,5,0,856
011,4,4,0,41
011,3,3,0,22
011,2,2,0,3
011,1,1,0,2
011,0,0,0,1
011,13,13,0,6358
011,14,14,0,6425
011,15,15,0,6427
011,16,16,0,6436
011,17,17,0,6655
011,18,18,0,11908
011,19,19,0,14714
011,20,20,0,16263
011,21,21,0,19188
011,22,22,0,19244
011,23,23,0,19474
011,24,24,0,19498
011,25,25,0,19628
011,26,26,0,19735
011,27,27,0,19755
011,28,28,0,19887
011,59,59,0,38105
011,60,60,0,38977
011,61,61,0,38985
011,62,62,0,39223
011,63,63,0,45495
011,64,64,0,46151
011,65,65,0,48029
011,66,66,0,48033
011,67,67,0,48046
011,68,68,0,48154
011,69,69,0,49771
011,70,70,0,49837
011,71,71,0,49881
011,72,72,0,50176
011,73,73,0,50515
011,74,74,0,50842
011,75,75,0,54609
011,76,76,0,56886
011,77,77,0,58059
011,78,78,0,59740
011,79,79,0,62403
011,80,80,0,62495
011,81,81,0,62513
011,82,82,0,62570
011,83,83,0,62639
011,84,84,0,66405
011,85,85,0,66645
011,86,86,0,70952
011,87,87,0,71955
011,88,88,0,72173
011,89,89,0,72809
011,90,90,0,73155
011,91,91,0,74139
011,92,92,0,74189
011,93,93,0,74276
011,94,94,0,74618
011,95,95,0,74654
011,96,96,0,74682
011,97,97,0,74729
011,98,98,0,74951
011,99,99,0,74970
011,100,100,0,74973
011,101,101,0,74978
011,102,102,0,75272
011,103,103,0,75279
011,104,104,0,75375
011,105,105,0,75393
011,106,106,0,75403
011,107,107,0,75637
011,108,108,0,75638
011,109,109,0,77873
011,110,110,0,78801
011,111,111,0,78863
011,112,112,0,78997
011,113,113,0,79023
011,114,114,0,81507
011,115,115,0,82274
011,116,116,0,82366
011,117,117,0,82424
011,118,118,0,82866
011,119,119,0,82902
011,120,120,0,82904
011,121,121,0,82927
011,122,122,0,93191
011,123,123,0,93428
011,124,124,0,93576
011,125,125,0,95983
011,126,126,0,95999
012,130,130,0,95858
012,129,129,0,94650
012,128,128,0,94602
012,127,127,0,94050
012,58,58,0,48261
012,57,57,0,48173
012,56,56,0,48073
012,55,55,0,46414
012,54,54,0,45505
012,53,53,0,45352
012,52,52,0,45253
012,51,51,0,41346
012,50,50,0,41337
012,49,49,0,40879
012,48,48,0,40126
012,47,47,0,40028
012,46,46,0,39930
012,45,45,0,39923
012,44,44,0,36046
012,43,43,0,36000
012,42,42,0,35328
012,41,41,0,35027
012,40,40,0,34238
012,39,39,0,33480
012,38,38,0,33164
012,37,37,0,32944
012,36,36,0,32722
012,35,35,0,32671
012,34,34,0,32458
012,33,33,0,31184
012,32,32,0,31093
012,31,31,0,31032
012,30,30,0,31003
012,29,29,0,27741
012,12,12,0,4701
012,11,11,0,4608
012,10,10,0,2265
012,9,9,0,1870
012,8,8,0,1497
012,7,7,0,660
012,6,6,0,267
012,5,5,0,208
012,4,4,0,61
012,3,3,0,33
012,2,2,0,3
012,1,1,0,2
012,0,0,0,1
012,13,13,0,13276
012,14,14,0,14371
012,15,15,0,15609
012,16,16,0,16423
012,17,17,0,16454
012,18,18,0,16606
012,19,19,0,16677
012,20,20,0,21522
012,21,21,0,21675
012,22,22,0,21727
012,23,23,0,21804
012,24,24,0,26404
012,25,25,0,26433
012,26,26,0,26456
012,27,27,0,26655
012,28,28,0,27046
012,59,59,0,49306
012,60,60,0,50398
012,61,61,0,50786
012,62,62,0,51451
012,63,63,0,52781
012,64,64,0,52811
012,65,65,0,52831
012,66,66,0,52859
012,67,67,0,52884
012,68,68,0,53217
012,69,69,0,54398
012,70,70,0,54474
012,71,71,0,54482
012,72,72,0,54517
012,73,73,0,54915
012,74,74,0,55115
012,75,75,0,55696
012,76,76,0,55765
012,77,77,0,55845
012,78,78,0,56211
012,79,79,0,56342
012,80,80,0,58433
012,81,81,0,58446
012,82,82,0,58555
012,83,83,0,58652
012,84,84,0,58759
012,85,85,0,58831
012,86,86,0,58884
012,87,87,0,58922
012,88,88,0,59804
012,89,89,0,60131
012,90,90,0,60223
012,91,91,0,60226
012,92,92,0,60471
012,93,93,0,60767
012,94,94,0,60804
012,95,95,0,60806
012,96,96,0,60810
012,97,97,0,60830
012,98,98,0,61042
012,99,99,0,66334
012,100,100,0,69181
012,101,101,0,69191
012,102,102,0,69322
012,103,103,0,69325
012,104,104,0,69363
012,105,105,0,70172
012,106,106,0,70189
012,107,107,0,70400
012,108,108,0,71893
012,109,109,0,71933
012,110,110,0,72248
012,111,111,0,76976
012,112,112,0,77036
012,113,113,0,77233
012,114,114,0,78286
012,115,115,0,81481
012,116,116,0,81517
012,117,117,0,81826
012,118,118,0,81926
012,119,119,0,89237
012,120,120,0,89292
012,121,121,0,89325
012,122,122,0,89419
012,123,123,0,92107
012,124,124,0,92343
012,125,125,0,93485
012,126,126,0,93507
013,84,84,0,99279
013,83,83,0,99247
013,82,82,0,99220
013,81,81,0,99210
013,80,80,0,99173
013,79,79,0,98220
013,78,78,0,97537
013,77,77,0,97516
013,76,76,0,94890
013,75,75,0,87365
013,74,74,0,87048
013,73,73,0,86104
013,72,72,0,86083
013,71,71,0,85965
013,70,70,0,85956
013,69,69,0,85688
013,68,68,0,85596
013,67,67,0,85569
013,66,66,0,85318
013,65,65,0,83684
013,64,64,0,83383
013,63,63,0,71867
013,62,62,0,71822
013,61,61,0,71463
013,60,60,0,71455
013,59,59,0,71321
013,28,28,0,17110
013,27,27,0,16558
013,26,26,0,13267
013,25,25,0,13214
013,24,24,0,12947
013,23,23,0,10473
013,22,22,0,10428
013,21,21,0,10313
013,20,20,0,10302
013,19,19,0,9300
013,18,18,0,9272
013,17,17,0,5474
013,16,16,0,5162
013,15,15,0,5147
013,14,14,0,3237
013,13,13,0,2515
013,0,0,0,1
013,1,1,0,2
013,2,2,0,4
013,3,3,0,21
013,4,4,0,118
013,5,5,0,1819
013,6,6,0,1851
013,7,7,0,1915
013,8,8,0,2004
013,9,9,0,2129
013,10,10,0,2199
013,11,11,0,2281
013,12,12,0,2512
013,29,29,0,17216
013,30,30,0,17323
013,31,31,0,17332
013,32,32,0,17515
013,33,33,0,17684
013,34,34,0,27864
013,35,35,0,34189
013,36,36,0,34202
013,37,37,0,34232
013,38,38,0,34297
013,39,39,0,35834
013,40,40,0,36912
013,41,41,0,40416
013,42,42,0,40781
013,43,43,0,45532
013,44,44,0,46272
013,45,45,0,63084
013,46,46,0,63097
013,47,47,0,63462
013,48,48,0,63532
013,49,49,0,64451
013,50,50,0,66039
013,51,51,0,66070
013,52,52,0,66141
013,53,53,0,68381
013,54,54,0,68405
013,55,55,0,70919
013,56,56,0,70940
013,57,57,0,71004
013,58,58,0,71165
014,113,113,0,96216
014,112,112,0,96185
014,111,111,0,94240
014,110,110,0,94155
014,109,109,0,94143
014,108,108,0,94093
014,107,107,0,94005
014,106,106,0,93954
014,105,105,0,90578
014,104,104,0,90544
014,103,103,0,85323
014,102,102,0,84272
014,101,101,0,84227
014,100,100,0,83415
014,99,99,0,83389
014,98,98,0,83363
014,97,97,0,83322
014,96,96,0,83177
014,95,95,0,83136
014,94,94,0,80446
014,93,93,0,80440
014,92,92,0,80409
014,91,91,0,80367
014,90,90,0,80364
014,89,89,0,78989
014,88,88,0,78959
014,87,87,0,78876
014,86,86,0,78842
014,85,85,0,78831
014,84,84,0,66859
014,83,83,0,66854
014,82,82,0,66754
014,81,81,0,66517
014,80,80,0,66502
014,79,79,0,65269
014,78,78,0,65255
014,77,77,0,65250
014,76,76,0,65246
014,75,75,0,65219
014,74,74,0,47223
014,73,73,0,47177
014,72,72,0,47019
014,71,71,0,46958
014,70,70,0,46921
014,69,69,0,46903
014,68,68,0,46856
014,67,67,0,46334
014,66,66,0,46140
014,65,65,0,46052
014,64,64,0,45058
014,63,63,0,44900
014,62,62,0,44875
014,61,61,0,44868
014,60,60,0,44863
014,59,59,0,44782
014,28,28,0,24202
014,27,27,0,13777
014,26,26,0,13615
014,25,25,0,13514
014,24,24,0,13279
014,23,23,0,11617
014,22,22,0,11528
014,21,21,0,11437
014,20,20,0,8903
014,19,19,0,8849
014,18,18,0,8796
014,17,17,0,4528
014,16,16,0,4329
014,15,15,0,4064
014,14,14,0,3431
014,13,13,0,1163
014,0,0,0,1
014,1,1,0,2
014,2,2,0,5
014,3,3,0,12
014,4,4,0,29
014,5,5,0,59
014,6,6,0,330
014,7,7,0,417
014,8,8,0,767
014,9,9,0,786
014,10,10,0,1093
014,11,11,0,1099
014,12,12,0,1123
014,29,29,0,24240
014,30,30,0,25534
014,31,31,0,25546
014,32,32,0,25636
014,33,33,0,25982
014,34,34,0,25983
014,35,35,0,27438
014,36,36,0,27457
014,37,37,0,27553
014,38,38,0,27560
014,39,39,0,27988
014,40,40,0,28113
014,41,41,0,28164
014,42,42,0,28238
014,43,43,0,28243
014,44,44,0,28767
014,45,45,0,28835
014,46,46,0,28839
014,47,47,0,28846
014,48,48,0,28859
014,49,49,0,28995
014,50,50,0,31715
014,51,51,0,32241
014,52,52,0,32243
014,53,53,0,32287
014,54,54,0,32409
014,55,55,0,33362
014,56,56,0,42307
014,57,57,0,42312
014,58,58,0,43200
015,131,131,0,99235
015,130,130,0,99189
015,129,129,0,99184
015,128,128,0,98515
015,127,127,0,98256
015,58,58,0,24070
015,57,57,0,24045
015,56,56,0,23898
015,55,55,0,22859
015,54,54,0,22595
015,53,53,0,18861
015,52,52,0,18769
015,51,51,0,18727
015,50,50,0,17354
015,49,49,0,17308
015,48,48,0,16781
015,47,47,0,16597
015,46,46,0,16519
015,45,45,0,16498
015,44,44,0,16400
015,43,43,0,16259
015,42,42,0,16210
015,41,41,0,16096
015,40,40,0,14768
015,39,39,0,14187
015,38,38,0,14077
015,37,37,0,14061
015,36,36,0,14030
015,35,35,0,14020
015,34,34,0,13726
015,33,33,0,12790
015,32,32,0,12727
015,31,31,0,12696
015,30,30,0,12619
015,29,29,0,10835
015,12,12,0,5467
015,11,11,0,5343
015,10,10,0,5340
015,9,9,0,5239
015,8,8,0,4310
015,7,7,0,1127
015,6,6,0,1040
015,5,5,0,847
015,4,4,0,27
015,3,3,0,17
015,2,2,0,5
015,1,1,0,2
015,0,0,0,1
015,13,13,0,5804
015,14,14,0,5811
015,15,15,0,7684
015,16,16,0,7744
015,17,17,0,7775
015,18,18,0,7903
015,19,19,0,8217
015,20,20,0,9374
015,21,21,0,9422
015,22,22,0,9466
015,23,23,0,9757
015,24,24,0,10455
015,25,25,0,10510
015,26,26,0,10541
015,27,27,0,10616
015,28,28,0,10738
015,59,59,0,24941
015,60,60,0,30708
015,61,61,0,32936
015,62,62,0,35140
015,63,63,0,40971
015,64,64,0,41150
015,65,65,0,41642
015,66,66,0,41666
015,67,67,0,42107
015,68,68,0,42112
015,69,69,0,42239
015,70,70,0,43049
015,71,71,0,44330
015,72,72,0,46680
015,73,73,0,47066
015,74,74,0,47072
015,75,75,0,52558
015,76,76,0,56569
015,77,77,0,56909
015,78,78,0,56957
015,79,79,0,57898
015,80,80,0,58825
015,81,81,0,58860
015,82,82,0,59000
015,83,83,0,59008
015,84,84,0,59079
015,85,85,0,65686
015,86,86,0,65771
015,87,87,0,68128
015,88,88,0,68551
015,89,89,0,68607
015,90,90,0,69794
015,91,91,0,72366
015,92,92,0,75135
015,93,93,0,75565
015,94,94,0,75589
015,95,95,0,76317
015,96,96,0,76325
015,97,97,0,76525
015,98,98,0,77495
015,99,99,0,77596
015,100,100,0,78481
015,101,101,0,79164
015,102,102,0,79299
015,103,103,0,79782
015,104,104,0,80040
015,105,105,0,80409
015,106,106,0,80422
015,107,107,0,80439
015,108,108,0,80465
015,109,109,0,81066
015,110,110,0,86495
015,111,111,0,91087
015,112,112,0,94014
015,113,113,0,94034
015,114,114,0,94162
015,115,115,0,94426
015,116,116,0,94434
015,117,117,0,94461
015,118,118,0,96552
015,119,119,0,96587
015,120,120,0,97020
015,121,121,0,97074
015,122,122,0,97128
015,123,123,0,97640
015,124,124,0,97964
015,125,125,0,98009
015,126,126,0,98025
016,95,95,0,94710
016,94,94,0,93381
016,93,93,0,93344
016,92,92,0,92000
016,91,91,0,91979
016,90,90,0,91960
016,89,89,0,91911
016,88,88,0,91531
016,87,87,0,91079
016,86,86,0,79341
016,85,85,0,79327
016,84,84,0,77678
016,83,83,0,77563
016,82,82,0,77527
016,81,81,0,76631
016,80,80,0,75760
016,79,79,0,74432
016,78,78,0,74280
016,77,77,0,74252
016,76,76,0,74230
016,75,75,0,67850
016,74,74,0,61606
016,73,73,0,61328
016,72,72,0,61323
016,71,71,0,61227
016,70,70,0,56330
016,69,69,0,56318
016,68,68,0,55556
016,67,67,0,55397
016,66,66,0,55332
016,65,65,0,54985
016,64,64,0,53470
016,63,63,0,52796
016,62,62,0,52281
016,61,61,0,52190
016,60,60,0,48032
016,59,59,0,45577
016,28,28,0,14449
016,27,27,0,14443
016,26,26,0,14348
016,25,25,0,14235
016,24,24,0,13125
016,23,23,0,13108
016,22,22,0,12577
016,21,21,0,12391
016,20,20,0,12388
016,19,19,0,10941
016,18,18,0,10922
016,17,17,0,10597
016,16,16,0,9181
016,15,15,0,9119
016,14,14,0,8914
016,13,13,0,8855
016,0,0,0,1
016,1,1,0,2
016,2,2,0,5
016,3,3,0,24
016,4,4,0,57
016,5,5,0,5789
016,6,6,0,5825
016,7,7,0,5973
016,8,8,0,6002
016,9,9,0,8551
016,10,10,0,8627
016,11,11,0,8633
016,12,12,0,8752
016,29,29,0,14651
016,30,30,0,16299
016,31,31,0,17570
016,32,32,0,17669
016,33,33,0,17985
016,34,34,0,21334
016,35,35,0,22538
016,36,36,0,23471
016,37,37,0,23553
016,38,38,0,24039
016,39,39,0,24068
016,40,40,0,24437
016,41,41,0,24461
016,42,42,0,24596
016,43,43,0,24598
016,44,44,0,24621
016,45,45,0,24756
016,46,46,0,24780
016,47,47,0,24935
016,48,48,0,24986
016,49,49,0,24997
016,50,50,0,25808
016,51,51,0,36296
016,52,52,0,36348
016,53,53,0,36607
016,54,54,0,38276
016,55,55,0,39749
016,56,56,0,40753
016,57,57,0,40788
016,58,58,0,40812
017,84,84,0,99254
017,83,83,0,98943
017,82,82,0,98926
017,81,81,0,98819
017,80,80,0,98811
017,79,79,0,98495
017,78,78,0,98077
017,77,77,0,97496
017,76,76,0,97436
017,75,75,0,96338
017,74,74,0,90533
017,73,73,0,90515
017,72,72,0,90474
017,71,71,0,90461
017,70,70,0,89279
017,69,69,0,87678
017,68,68,0,86729
017,67,67,0,86694
017,66,66,0,86572
017,65,65,0,86560
017,64,64,0,85768
017,63,63,0,85223
017,62,62,0,84930
017,61,61,0,84841
017,60,60,0,82376
017,59,59,0,75071
017,28,28,0,26351
017,27,27,0,26323
017,26,26,0,26295
017,25,25,0,26272
017,24,24,0,23721
017,23,23,0,20481
017,22,22,0,20340
017,21,21,0,20325
017,20,20,0,20266
017,19,19,0,20202
017,18,18,0,20184
017,17,17,0,20174
017,16,16,0,20151
017,15,15,0,19345
017,14,14,0,19168
017,13,13,0,13964
017,0,0,0,1
017,1,1,0,2
017,2,2,0,3
017,3,3,0,22
017,4,4,0,126
017,5,5,0,2239
017,6,6,0,2242
017,7,7,0,2438
017,8,8,0,2471
017,9,9,0,12537
017,10,10,0,13924
017,11,11,0,13940
017,12,12,0,13948
017,29,29,0,26402
017,30,30,0,29938
017,31,31,0,29949
017,32,32,0,30003
017,33,33,0,30045
017,34,34,0,30189
017,35,35,0,30292
017,36,36,0,55113
017,37,37,0,55474
017,38,38,0,55723
017,39,39,0,61228
017,40,40,0,61317
017,41,41,0,61320
017,42,42,0,61434
017,43,43,0,62081
017,44,44,0,62093
017,45,45,0,64231
017,46,46,0,71715
017,47,47,0,71740
017,48,48,0,71816
017,49,49,0,72831
017,50,50,0,72866
017,51,51,0,72873
017,52,52,0,72878
017,53,53,0,72930
017,54,54,0,73007
017,55,55,0,73008
017,56,56,0,74062
017,57,57,0,74246
017,58,58,0,74409
018,103,103,0,99521
018,102,102,0,99496
018,101,101,0,99355
018,100,100,0,99334
018,99,99,0,99207
018,98,98,0,84946
018,97,97,0,84821
018,96,96,0,84596
018,95,95,0,81373
018,94,94,0,74285
018,93,93,0,71357
018,92,92,0,71329
018,91,91,0,71234
018,90,90,0,71179
018,89,89,0,70668
018,88,88,0,70575
018,87,87,0,70430
018,86,86,0,70428
018,85,85,0,70413
018,84,84,0,70011
018,83,83,0,69034
018,82,82,0,68575
018,81,81,0,68569
018,80,80,0,68543
018,79,79,0,68401
018,78,78,0,67941
018,77,77,0,67731
018,76,76,0,67401
018,75,75,0,64685
018,74,74,0,64298
018,73,73,0,64228
018,72,72,0,61664
018,71,71,0,61245
018,70,70,0,61242
018,69,69,0,61153
018,68,68,0,61091
018,67,67,0,61045
018,66,66,0,60544
018,65,65,0,60538
018,64,64,0,60378
018,63,63,0,59339
018,62,62,0,59259
018,61,61,0,59220
018,60,60,0,59208
018,59,59,0,57476
018,28,28,0,15860
018,27,27,0,15775
018,26,26,0,15669
018,25,25,0,15656
018,24,24,0,15554
018,23,23,0,15531
018,22,22,0,15316
018,21,21,0,13309
018,20,20,0,13279
018,19,19,0,11492
018,18,18,0,8978
018,17,17,0,8942
018,16,16,0,8811
018,15,15,0,8790
018,14,14,0,8258
018,13,13,0,8237
018,0,0,0,1
018,1,1,0,2
018,2,2,0,4
018,3,3,0,15
018,4,4,0,42
018,5,5,0,105
018,6,6,0,115
018,7,7,0,5771
018,8,8,0,5859
018,9,9,0,6808
018,10,10,0,7095
018,11,11,0,8180
018,12,12,0,8198
018,29,29,0,16367
018,30,30,0,16377
018,31,31,0,16459
018,32,32,0,16490
018,33,33,0,17218
018,34,34,0,17941
018,35,35,0,18175
018,36,36,0,18218
018,37,37,0,19710
018,38,38,0,27208
018,39,39,0,27364
018,40,40,0,29566
018,41,41,0,30994
018,42,42,0,34034
018,43,43,0,34414
018,44,44,0,34814
018,45,45,0,35624
018,46,46,0,37505
018,47,47,0,37511
018,48,48,0,37627
018,49,49,0,37846
018,50,50,0,42171
018,51,51,0,43612
018,52,52,0,49632
018,53,53,0,49637
018,54,54,0,53435
018,55,55,0,57123
018,56,56,0,57135
018,57,57,0,57458
018,58,58,0,57466
019,80,80,0,99380
019,79,79,0,97306
019,78,78,0,97171
019,77,77,0,91749
019,76,76,0,91743
019,75,75,0,91016
019,74,74,0,90441
019,73,73,0,90323
019,72,72,0,90319
019,71,71,0,90309
019,70,70,0,90293
019,69,69,0,89365
019,68,68,0,89334
019,67,67,0,80760
019,66,66,0,79084
019,65,65,0,76406
019,64,64,0,76346
019,63,63,0,76343
019,62,62,0,76257
019,61,61,0,76211
019,60,60,0,76208
019,59,59,0,76159
019,28,28,0,16340
019,27,27,0,15729
019,26,26,0,15659
019,25,25,0,10792
019,24,24,0,9013
019,23,23,0,7815
019,22,22,0,6603
019,21,21,0,6402
019,20,20,0,6386
019,19,19,0,4611
019,18,18,0,4593
019,17,17,0,4567
019,16,16,0,4550
019,15,15,0,4544
019,14,14,0,3954
019,13,13,0,3831
019,0,0,0,1
019,1,1,0,2
019,2,2,0,6
019,3,3,0,16
019,4,4,0,21
019,5,5,0,106
019,6,6,0,121
019,7,7,0,198
019,8,8,0,394
019,9,9,0,925
019,10,10,0,3803
019,11,11,0,3811
019,12,12,0,3819
019,29,29,0,25346
019,30,30,0,25361
019,31,31,0,25368
019,32,32,0,29508
019,33,33,0,29803
019,34,34,0,29848
019,35,35,0,29899
019,36,36,0,29900
019,37,37,0,35726
019,38,38,0,35907
019,39,39,0,46711
019,40,40,0,47850
019,41,41,0,48748
019,42,42,0,48968
019,43,43,0,48992
019,44,44,0,49930
019,45,45,0,49982
019,46,46,0,50003
019,47,47,0,50008
019,48,48,0,50018
019,49,49,0,50043
019,50,50,0,50118
019,51,51,0,50849
019,52,52,0,50880
019,53,53,0,73285
019,54,54,0,73343
019,55,55,0,73501
019,56,56,0,75755
019,57,57,0,75928
019,58,58,0,76067
020,112,112,0,98284
020,111,111,0,98269
020,110,110,0,97636
020,109,109,0,97350
020,108,108,0,97052
020,107,107,0,97020
020,106,106,0,97017
020,105,105,0,93306
020,104,104,0,85971
020,103,103,0,85950
020,102,102,0,85384
020,101,101,0,85296
020,100,100,0,85290
020,99,99,0,77953
020,98,98,0,77928
020,97,97,0,77884
020,96,96,0,77816
020,95,95,0,77800
020,94,94,0,77792
020,93,93,0,77416
020,92,92,0,77306
020,91,91,0,77194
020,90,90,0,76219
020,89,89,0,76209
020,88,88,0,76153
020,87,87,0,76124
020,86,86,0,73817
020,85,85,0,72196
020,84,84,0,70919
020,83,83,0,70812
020,82,82,0,70805
020,81,81,0,66175
020,80,80,0,66099
020,79,79,0,64779
020,78,78,0,63786
020,77,77,0,63476
020,76,76,0,57357
020,75,75,0,55510
020,74,74,0,55448
020,73,73,0,55444
020,72,72,0,53488
020,71,71,0,53485
020,70,70,0,53132
020,69,69,0,51407
020,68,68,0,50138
020,67,67,0,50064
020,66,66,0,49903
020,65,65,0,49849
020,64,64,0,49085
020,63,63,0,49001
020,62,62,0,48884
020,61,61,0,48799
020,60,60,0,48792
020,59,59,0,48758
020,28,28,0,27902
020,27,27,0,27527
020,26,26,0,27211
020,25,25,0,27192
020,24,24,0,26773
020,23,23,0,26750
020,22,22,0,26321
020,21,21,0,26140
020,20,20,0,26139
020,19,19,0,25721
020,18,18,0,21439
020,17,17,0,21425
020,16,16,0,21387
020,15,15,0,18500
020,14,14,0,15019
020,13,13,0,14797
020,0,0,0,1
020,1,1,0,2
020,2,2,0,5
020,3,3,0,30
020,4,4,0,84
020,5,5,0,290
020,6,6,0,1997
020,7,7,0,2112
020,8,8,0,6737
020,9,9,0,11859
020,10,10,0,13571
020,11,11,0,14472
020,12,12,0,14641
020,29,29,0,28082
020,30,30,0,28105
020,31,31,0,28121
020,32,32,0,28266
020,33,33,0,28551
020,34,34,0,31226
020,35,35,0,34741
020,36,36,0,36304
020,37,37,0,36312
020,38,38,0,36323
020,39,39,0,36409
020,40,40,0,38039
020,41,41,0,38953
020,42,42,0,38968
020,43,43,0,38981
020,44,44,0,39213
020,45,45,0,40039
020,46,46,0,40064
020,47,47,0,40097
020,48,48,0,44302
020,49,49,0,44373
020,50,50,0,46107
020,51,51,0,46126
020,52,52,0,46314
020,53,53,0,46327
020,54,54,0,46350
020,55,55,0,48044
020,56,56,0,48084
020,57,57,0,48121
020,58,58,0,48524
021,157,157,0,95998
021,156,156,0,95940
021,155,155,0,94474
021,154,154,0,92380
021,153,153,0,87586
021,152,152,0,87038
021,151,151,0,82263
021,150,150,0,81824
021,149,149,0,80871
021,148,148,0,80848
021,147,147,0,80290
021,146,146,0,80260
021,145,145,0,78870
021,144,144,0,77486
021,143,143,0,77454
021,142,142,0,77439
021,141,141,0,77424
021,140,140,0,76359
021,139,139,0,76244
021,138,138,0,76232
021,137,137,0,76144
021,136,136,0,76043
021,135,135,0,75923
021,134,134,0,74961
021,133,133,0,74934
021,132,132,0,74406
021,131,131,0,74402
021,130,130,0,74392
021,129,129,0,74313
021,128,128,0,74081
021,127,127,0,74068
021,58,58,0,45222
021,57,57,0,44915
021,56,56,0,44809
021,55,55,0,44761
021,54,54,0,41965
021,53,53,0,30538
021,52,52,0,30528
021,51,51,0,30395
021,50,50,0,30334
021,49,49,0,30329
021,48,48,0,29985
021,47,47,0,29948
021,46,46,0,29942
021,45,45,0,29933
021,44,44,0,29878
021,43,43,0,29475
021,42,42,0,29127
021,41,41,0,28944
021,40,40,0,28925
021,39,39,0,22872
021,38,38,0,22843
021,37,37,0,22448
021,36,36,0,21861
021,35,35,0,21841
021,34,34,0,20199
021,33,33,0,19614
021,32,32,0,19515
021,31,31,0,19440
021,30,30,0,17589
021,29,29,0,16956
021,12,12,0,4087
021,11,11,0,4085
021,10,10,0,3486
021,9,9,0,3185
021,8,8,0,2982
021,7,7,0,2786
021,6,6,0,2710
021,5,5,0,2361
021,4,4,0,30
021,3,3,0,10
021,2,2,0,3
021,1,1,0,2
021,0,0,0,1
021,13,13,0,4683
021,14,14,0,5927
021,15,15,0,6022
021,16,16,0,6033
021,17,17,0,6049
021,18,18,0,6157
021,19,19,0,6163
021,20,20,0,7694
021,21,21,0,14908
021,22,22,0,15032
021,23,23,0,15151
021,24,24,0,15983
021,25,25,0,16065
021,26,26,0,16082
021,27,27,0,16146
021,28,28,0,16209
021,59,59,0,45229
021,60,60,0,45390
021,61,61,0,45399
021,62,62,0,45403
021,63,63,0,45418
021,64,64,0,45443
021,65,65,0,46188
021,66,66,0,46199
021,67,67,0,46273
021,68,68,0,46290
021,69,69,0,46633
021,70,70,0,46747
021,71,71,0,46965
021,72,72,0,48074
021,73,73,0,48153
021,74,74,0,48320
021,75,75,0,49303
021,76,76,0,51415
021,77,77,0,51477
021,78,78,0,51733
021,79,79,0,52601
021,80,80,0,52651
021,81,81,0,52689
021,82,82,0,52693
021,83,83,0,52714
021,84,84,0,52769
021,85,85,0,52777
021,86,86,0,57927
021,87,87,0,57958
021,88,88,0,58007
021,89,89,0,58172
021,90,90,0,60168
021,91,91,0,60189
021,92,92,0,60308
021,93,93,0,60694
021,94,94,0,61484
021,95,95,0,61563
021,96,96,0,61595
021,97,97,0,61733
021,98,98,0,61770
021,99,99,0,61830
021,100,100,0,63069
021,101,101,0,63131
021,102,102,0,64961
021,103,103,0,65086
021,104,104,0,68517
021,105,105,0,68547
021,106,106,0,68569
021,107,107,0,68574
021,108,108,0,68598
021,109,109,0,68743
021,110,110,0,69639
021,111,111,0,69656
021,112,112,0,69961
021,113,113,0,70507
021,114,114,0,70789
021,115,115,0,71201
021,116,116,0,71283
021,117,117,0,71314
021,118,118,0,71345
021,119,119,0,71397
021,120,120,0,71834
021,121,121,0,71845
021,122,122,0,71861
021,123,123,0,72066
021,124,124,0,72199
021,125,125,0,73938
021,126,126,0,73955
022,77,77,0,99972
022,76,76,0,99922
022,75,75,0,99256
022,74,74,0,98134
022,73,73,0,97225
022,72,72,0,91052
022,71,71,0,91050
022,70,70,0,90564
022,69,69,0,90298
022,68,68,0,83438
022,67,67,0,82510
022,66,66,0,82411
022,65,65,0,80907
022,64,64,0,80346
022,63,63,0,79220
022,62,62,0,79001
022,61,61,0,76702
022,60,60,0,76689
022,59,59,0,60390
022,28,28,0,36197
022,27,27,0,36182
022,26,26,0,36027
022,25,25,0,28349
022,24,24,0,28313
022,23,23,0,28250
022,22,22,0,12977
022,21,21,0,12028
022,20,20,0,11920
022,19,19,0,10552
022,18,18,0,10529
022,17,17,0,9746
022,16,16,0,7799
022,15,15,0,7702
022,14,14,0,6967
022,13,13,0,6821
022,0,0,0,1
022,1,1,0,2
022,2,2,0,4
022,3,3,0,20
022,4,4,0,137
022,5,5,0,348
022,6,6,0,360
022,7,7,0,604
022,8,8,0,975
022,9,9,0,998
022,10,10,0,6757
022,11,11,0,6786
022,12,12,0,6797
022,29,29,0,36397
022,30,30,0,36402
022,31,31,0,40131
022,32,32,0,40225
022,33,33,0,40714
022,34,34,0,40731
022,35,35,0,42317
022,36,36,0,42373
022,37,37,0,42423
022,38,38,0,42795
022,39,39,0,42826
022,40,40,0,44433
022,41,41,0,45620
022,42,42,0,45621
022,43,43,0,45641
022,44,44,0,45657
022,45,45,0,46015
022,46,46,0,46019
022,47,47,0,46406
022,48,48,0,46437
022,49,49,0,47679
022,50,50,0,51870
022,51,51,0,51958
022,52,52,0,52347
022,53,53,0,52434
022,54,54,0,52459
022,55,55,0,54755
022,56,56,0,54776
022,57,57,0,54777
022,58,58,0,54796
023,94,94,0,97638
023,93,93,0,96316
023,92,92,0,90626
023,91,91,0,90596
023,90,90,0,90579
023,89,89,0,90263
023,88,88,0,86090
023,87,87,0,85690
023,86,86,0,85236
023,85,85,0,85193
023,84,84,0,82712
023,83,83,0,81638
023,82,82,0,81588
023,81,81,0,81548
023,80,80,0,81524
023,79,79,0,80893
023,78,78,0,80864
023,77,77,0,80848
023,76,76,0,80842
023,75,75,0,80837
023,74,74,0,80826
023,73,73,0,80822
023,72,72,0,80816
023,71,71,0,80765
023,70,70,0,77026
023,69,69,0,72457
023,68,68,0,71996
023,67,67,0,71812
023,66,66,0,70879
023,65,65,0,70466
023,64,64,0,69296
023,63,63,0,69251
023,62,62,0,69243
023,61,61,0,69237
023,60,60,0,59924
023,59,59,0,59288
023,28,28,0,32247
023,27,27,0,31839
023,26,26,0,31683
023,25,25,0,31641
023,24,24,0,30116
023,23,23,0,25996
023,22,22,0,25950
023,21,21,0,25487
023,20,20,0,24163
023,19,19,0,20200
023,18,18,0,19420
023,17,17,0,19237
023,16,16,0,19224
023,15,15,0,19141
023,14,14,0,17850
023,13,13,0,17477
023,0,0,0,1
023,1,1,0,2
023,2,2,0,3
023,3,3,0,14
023,4,4,0,88
023,5,5,0,1977
023,6,6,0,2003
023,7,7,0,2119
023,8,8,0,3844
023,9,9,0,5443
023,10,10,0,8354
023,11,11,0,8788
023,12,12,0,17033
023,29,29,0,32294
023,30,30,0,33458
023,31,31,0,33503
023,32,32,0,33531
023,33,33,0,33840
023,34,34,0,34034
023,35,35,0,34045
023,36,36,0,36227
023,37,37,0,36297
023,38,38,0,44193
023,39,39,0,47013
023,40,40,0,47594
023,41,41,0,49366
023,42,42,0,50962
023,43,43,0,50971
023,44,44,0,51185
023,45,45,0,53268
023,46,46,0,53271
023,47,47,0,53915
023,48,48,0,53928
023,49,49,0,54763
023,50,50,0,54785
023,51,51,0,54789
023,52,52,0,54793
023,53,53,0,54820
023,54,54,0,54834
023,55,55,0,57046
023,56,56,0,57150
023,57,57,0,57382
023,58,58,0,58516
024,140,140,0,98805
024,139,139,0,97822
024,138,138,0,91645
024,137,137,0,91479
024,136,136,0,91356
024,135,135,0,91312
024,134,134,0,89516
024,133,133,0,89137
024,132,132,0,88009
024,131,131,0,87954
024,130,130,0,87935
024,129,129,0,87748
024,128,128,0,87693
024,127,127,0,87526
024,58,58,0,48350
024,57,57,0,46285
024,56,56,0,46256
024,55,55,0,46181
024,54,54,0,45954
024,53,53,0,45701
024,52,52,0,45300
024,51,51,0,45113
024,50,50,0,45107
024,49,49,0,45102
024,48,48,0,45087
024,47,47,0,42641
024,46,46,0,42177
024,45,45,0,41926
024,44,44,0,39912
024,43,43,0,35024
024,42,42,0,34835
024,41,41,0,34037
024,40,40,0,34003
024,39,39,0,30393
024,38,38,0,29813
024,37,37,0,29342
024,36,36,0,25589
024,35,35,0,25581
024,34,34,0,25335
024,33,33,0,25300
024,32,32,0,25285
024,31,31,0,22970
024,30,30,0,22961
024,29,29,0,22665
024,12,12,0,1912
024,11,11,0,1609
024,10,10,0,1578
024,9,9,0,1527
024,8,8,0,1515
024,7,7,0,1476
024,6,6,0,1147
024,5,5,0,1129
024,4,4,0,90
024,3,3,0,16
024,2,2,0,4
024,1,1,0,2
024,0,0,0,1
024,13,13,0,1914
024,14,14,0,2076
024,15,15,0,2774
024,16,16,0,4535
024,17,17,0,4606
024,18,18,0,5249
024,19,19,0,5364
024,20,20,0,5404
024,21,21,0,9732
024,22,22,0,10320
024,23,23,0,10324
024,24,24,0,10500
024,25,25,0,12308
024,26,26,0,18814
024,27,27,0,18847
024,28,28,0,18858
024,59,59,0,48430
024,60,60,0,49580
024,61,61,0,51865
024,62,62,0,51931
024,63,63,0,52049
024,64,64,0,52623
024,65,65,0,52756
024,66,66,0,52769
024,67,67,0,52937
024,68,68,0,52992
024,69,69,0,54295
024,70,70,0,54658
024,71,71,0,54941
024,72,72,0,55069
024,73,73,0,55115
024,74,74,0,55252
024,75,75,0,58242
024,76,76,0,58253
024,77,77,0,58979
024,78,78,0,59099
024,79,79,0,60478
024,80,80,0,60567
024,81,81,0,60584
024,82,82,0,60589
024,83,83,0,61238
024,84,84,0,61712
024,85,85,0,62123
024,86,86,0,62170
024,87,87,0,62277
024,88,88,0,62380
024,89,89,0,63819
024,90,90,0,63828
024,91,91,0,63860
024,92,92,0,63874
024,93,93,0,63923
024,94,94,0,64087
024,95,95,0,64403
024,96,96,0,64877
024,97,97,0,64935
024,98,98,0,64963
024,99,99,0,65023
024,100,100,0,65688
024,101,101,0,65693
024,102,102,0,65702
024,103,103,0,66818
024,104,104,0,67613
024,105,105,0,72910
024,106,106,0,72930
024,107,107,0,73123
024,108,108,0,73226
024,109,109,0,76310
024,110,110,0,76550
024,111,111,0,77315
024,112,112,0,77500
024,113,113,0,77814
024,114,114,0,79547
024,115,115,0,79575
024,116,116,0,81551
024,117,117,0,83844
024,118,118,0,83873
024,119,119,0,84100
024,120,120,0,84205
024,121,121,0,84215
024,122,122,0,84245
024,123,123,0,84675
024,124,124,0,85185
024,125,125,0,87306
024,126,126,0,87383
025,115,115,0,97811
025,114,114,0,96764
025,113,113,0,95789
025,112,112,0,95142
025,111,111,0,94783
025,110,110,0,94755
025,109,109,0,94155
025,108,108,0,94145
025,107,107,0,94131
025,106,106,0,86764
025,105,105,0,86743
025,104,104,0,84856
025,103,103,0,84835
025,102,102,0,84587
025,101,101,0,84517
025,100,100,0,84492
025,99,99,0,83410
025,98,98,0,82484
025,97,97,0,82221
025,96,96,0,82109
025,95,95,0,82102
025,94,94,0,81472
025,93,93,0,77986
025,92,92,0,76542
025,91,91,0,73486
025,90,90,0,71117
025,89,89,0,65832
025,88,88,0,65785
025,87,87,0,65615
025,86,86,0,65514
025,85,85,0,65488
025,84,84,0,65312
025,83,83,0,64972
025,82,82,0,64820
025,81,81,0,64746
025,80,80,0,64695
025,79,79,0,63761
025,78,78,0,63566
025,77,77,0,63528
025,76,76,0,63479
025,75,75,0,63472
025,74,74,0,62981
025,73,73,0,62482
025,72,72,0,62349
025,71,71,0,62300
025,70,70,0,62284
025,69,69,0,61239
025,68,68,0,59400
025,67,67,0,59282
025,66,66,0,59272
025,65,65,0,58529
025,64,64,0,57777
025,63,63,0,56629
025,62,62,0,48801
025,61,61,0,47479
025,60,60,0,45832
025,59,59,0,45202
025,28,28,0,20756
025,27,27,0,20725
025,26,26,0,20576
025,25,25,0,19297
025,24,24,0,18560
025,23,23,0,18343
025,22,22,0,12626
025,21,21,0,12566
025,20,20,0,7138
025,19,19,0,6727
025,18,18,0,6613
025,17,17,0,5812
025,16,16,0,5750
025,15,15,0,5740
025,14,14,0,4159
025,13,13,0,4140
025,0,0,0,1
025,1,1,0,2
025,2,2,0,3
025,3,3,0,21
025,4,4,0,59
025,5,5,0,224
025,6,6,0,235
025,7,7,0,3321
025,8,8,0,3324
025,9,9,0,3369
025,10,10,0,4052
025,11,11,0,4055
025,12,12,0,4079
025,29,29,0,20782
025,30,30,0,20784
025,31,31,0,27430
025,32,32,0,27472
025,33,33,0,28164
025,34,34,0,29895
025,35,35,0,29927
025,36,36,0,29976
025,37,37,0,30006
025,38,38,0,30248
025,39,39,0,30327
025,40,40,0,32679
025,41,41,0,32690
025,42,42,0,32788
025,43,43,0,32905
025,44,44,0,33088
025,45,45,0,36815
025,46,46,0,36820
025,47,47,0,37662
025,48,48,0,37939
025,49,49,0,37961
025,50,50,0,37965
025,51,51,0,38011
025,52,52,0,38012
025,53,53,0,38249
025,54,54,0,38983
025,55,55,0,41650
025,56,56,0,41702
025,57,57,0,41718
025,58,58,0,44179
026,83,83,0,95479
026,82,82,0,95418
026,81,81,0,94552
026,80,80,0,93501
026,79,79,0,91669
026,78,78,0,91624
026,77,77,0,90297
026,76,76,0,90114
026,75,75,0,88246
026,74,74,0,87790
026,73,73,0,87732
026,72,72,0,87714
026,71,71,0,87509
026,70,70,0,87456
026,69,69,0,87261
026,68,68,0,87125
026,67,67,0,87081
026,66,66,0,86914
026,65,65,0,86897
026,64,64,0,86706
026,63,63,0,86125
026,62,62,0,86097
026,61,61,0,82365
026,60,60,0,80856
026,59,59,0,79297
026,28,28,0,13012
026,27,27,0,12111
026,26,26,0,12087
026,25,25,0,8380
026,24,24,0,7125
026,23,23,0,5831
026,22,22,0,5740
026,21,21,0,5721
026,20,20,0,5708
026,19,19,0,3134
026,18,18,0,2833
026,17,17,0,2766
026,16,16,0,2708
026,15,15,0,2700
026,14,14,0,2624
026,13,13,0,2540
026,0,0,0,1
026,1,1,0,2
026,2,2,0,4
026,3,3,0,29
026,4,4,0,123
026,5,5,0,165
026,6,6,0,934
026,7,7,0,1027
026,8,8,0,1042
026,9,9,0,1520
026,10,10,0,2008
026,11,11,0,2301
026,12,12,0,2374
026,29,29,0,13023
026,30,30,0,14313
026,31,31,0,16769
026,32,32,0,16800
026,33,33,0,17354
026,34,34,0,17751
026,35,35,0,17933
026,36,36,0,17948
026,37,37,0,17962
026,38,38,0,17980
026,39,39,0,18190
026,40,40,0,20568
026,41,41,0,20593
026,42,42,0,20693
026,43,43,0,20985
026,44,44,0,22262
026,45,45,0,27999
026,46,46,0,32308
026,47,47,0,37212
026,48,48,0,37346
026,49,49,0,37379
026,50,50,0,38807
026,51,51,0,41549
026,52,52,0,49053
026,53,53,0,49323
026,54,54,0,49324
026,55,55,0,64874
026,56,56,0,66871
026,57,57,0,66878
026,58,58,0,79118
027,88,88,0,77444
027,87,87,0,77377
027,86,86,0,77282
027,85,85,0,77258
027,84,84,0,76816
027,83,83,0,69724
027,82,82,0,69698
027,81,81,0,69687
027,80,80,0,68941
027,79,79,0,67702
027,78,78,0,67657
027,77,77,0,67641
027,76,76,0,67636
027,75,75,0,66908
027,74,74,0,65092
027,73,73,0,64526
027,72,72,0,64513
027,71,71,0,64477
027,70,70,0,64238
027,69,69,0,63172
027,68,68,0,62946
027,67,67,0,62763
027,66,66,0,62680
027,65,65,0,62675
027,64,64,0,62665
027,63,63,0,59873
027,62,62,0,53352
027,61,61,0,53338
027,60,60,0,52678
027,59,59,0,52318
027,28,28,0,21962
027,27,27,0,21853
027,26,26,0,21836
027,25,25,0,21749
027,24,24,0,21532
027,23,23,0,20364
027,22,22,0,20142
027,21,21,0,20082
027,20,20,0,20023
027,19,19,0,20016
027,18,18,0,15704
027,17,17,0,15643
027,16,16,0,9656
027,15,15,0,9256
027,14,14,0,7547
027,13,13,0,7541
027,0,0,0,1
027,1,1,0,2
027,2,2,0,5
027,3,3,0,22
027,4,4,0,115
027,5,5,0,310
027,6,6,0,1286
027,7,7,0,4435
027,8,8,0,6411
027,9,9,0,6961
027,10,10,0,6993
027,11,11,0,7008
027,12,12,0,7245
027,29,29,0,22112
027,30,30,0,22664
027,31,31,0,22674
027,32,32,0,22778
027,33,33,0,23431
027,34,34,0,23726
027,35,35,0,23737
027,36,36,0,26717
027,37,37,0,30167
027,38,38,0,30178
027,39,39,0,30269
027,40,40,0,31132
027,41,41,0,31140
027,42,42,0,31147
027,43,43,0,31165
027,44,44,0,31168
027,45,45,0,31482
027,46,46,0,31562
027,47,47,0,31582
027,48,48,0,31622
027,49,49,0,36361
027,50,50,0,39420
027,51,51,0,39422
027,52,52,0,47581
027,53,53,0,47590
027,54,54,0,47650
027,55,55,0,52267
027,56,56,0,52275
027,57,57,0,52283
027,58,58,0,52309
028,116,116,0,97685
028,115,115,0,95261
028,114,114,0,94784
028,113,113,0,94727
028,112,112,0,94697
028,111,111,0,94680
028,110,110,0,91023
028,109,109,0,90611
028,108,108,0,90595
028,107,107,0,90571
028,106,106,0,90561
028,105,105,0,90557
028,104,104,0,90392
028,103,103,0,90276
028,102,102,0,90001
028,101,101,0,89912
028,100,100,0,89882
028,99,99,0,88807
028,98,98,0,88752
028,97,97,0,88724
028,96,96,0,88713
028,95,95,0,88705
028,94,94,0,87648
028,93,93,0,87313
028,92,92,0,87223
028,91,91,0,87207
028,90,90,0,87182
028,89,89,0,87065
028,88,88,0,86650
028,87,87,0,86086
028,86,86,0,86078
028,85,85,0,86074
028,84,84,0,85440
028,83,83,0,85257
028,82,82,0,85230
028,81,81,0,84999
028,80,80,0,84987
028,79,79,0,84858
028,78,78,0,83224
028,77,77,0,82755
028,76,76,0,80680
028,75,75,0,80309
028,74,74,0,78419
028,73,73,0,78378
028,72,72,0,78199
028,71,71,0,77908
028,70,70,0,77881
028,69,69,0,77775
028,68,68,0,77597
028,67,67,0,77551
028,66,66,0,77060
028,65,65,0,77050
028,64,64,0,71962
028,63,63,0,71911
028,62,62,0,68612
028,61,61,0,68520
028,60,60,0,66893
028,59,59,0,66891
028,28,28,0,30065
028,27,27,0,30035
028,26,26,0,29984
028,25,25,0,29012
028,24,24,0,28377
028,23,23,0,28074
028,22,22,0,28070
028,21,21,0,28060
028,20,20,0,25246
028,19,19,0,22031
028,18,18,0,21954
028,17,17,0,21944
028,16,16,0,21879
028,15,15,0,21814
028,14,14,0,14689
028,13,13,0,14584
028,0,0,0,1
028,1,1,0,2
028,2,2,0,3
028,3,3,0,11
028,4,4,0,123
028,5,5,0,126
028,6,6,0,1077
028,7,7,0,1078
028,8,8,0,1201
028,9,9,0,2570
028,10,10,0,2643
028,11,11,0,3304
028,12,12,0,3340
028,29,29,0,30123
028,30,30,0,31100
028,31,31,0,32223
028,32,32,0,37277
028,33,33,0,37291
028,34,34,0,44150
028,35,35,0,44350
028,36,36,0,44493
028,37,37,0,44508
028,38,38,0,46649
028,39,39,0,46789
028,40,40,0,49473
028,41,41,0,50723
028,42,42,0,50827
028,43,43,0,50831
028,44,44,0,50925
028,45,45,0,51915
028,46,46,0,51987
028,47,47,0,52076
028,48,48,0,52760
028,49,49,0,52772
028,50,50,0,64832
028,51,51,0,64836
028,52,52,0,64938
028,53,53,0,65017
028,54,54,0,65146
028,55,55,0,65793
028,56,56,0,66709
028,57,57,0,66833
028,58,58,0,66847
029,100,100,0,97965
029,99,99,0,97961
029,98,98,0,97888
029,97,97,0,97864
029,96,96,0,97860
029,95,95,0,97856
029,94,94,0,97538
029,93,93,0,97397
029,92,92,0,97212
029,91,91,0,97202
029,90,90,0,96163
029,89,89,0,95469
029,88,88,0,95359
029,87,87,0,95330
029,86,86,0,95318
029,85,85,0,95309
029,84,84,0,94900
029,83,83,0,94868
029,82,82,0,93570
029,81,81,0,92459
029,80,80,0,91601
029,79,79,0,91546
029,78,78,0,91523
029,77,77,0,90523
029,76,76,0,90512
029,75,75,0,88473
029,74,74,0,88469
029,73,73,0,87236
029,72,72,0,87195
029,71,71,0,87106
029,70,70,0,86398
029,69,69,0,85842
029,68,68,0,85512
029,67,67,0,85507
029,66,66,0,85461
029,65,65,0,85427
029,64,64,0,74629
029,63,63,0,71355
029,62,62,0,70972
029,61,61,0,70879
029,60,60,0,63874
029,59,59,0,62746
029,28,28,0,19412
029,27,27,0,19291
029,26,26,0,19264
029,25,25,0,19256
029,24,24,0,17862
029,23,23,0,17671
029,22,22,0,17650
029,21,21,0,17452
029,20,20,0,17395
029,19,19,0,16391
029,18,18,0,16335
029,17,17,0,16172
029,16,16,0,14996
029,15,15,0,14981
029,14,14,0,12062
029,13,13,0,6353
029,0,0,0,1
029,1,1,0,2
029,2,2,0,6
029,3,3,0,9
029,4,4,0,161
029,5,5,0,714
029,6,6,0,720
029,7,7,0,878
029,8,8,0,1148
029,9,9,0,1160
029,10,10,0,1790
029,11,11,0,5953
029,12,12,0,6135
029,29,29,0,29498
029,30,30,0,30683
029,31,31,0,32543
029,32,32,0,32550
029,33,33,0,32555
029,34,34,0,41139
029,35,35,0,42789
029,36,36,0,42808
029,37,37,0,42977
029,38,38,0,48226
029,39,39,0,48235
029,40,40,0,48249
029,41,41,0,48254
029,42,42,0,48259
029,43,43,0,48269
029,44,44,0,48404
029,45,45,0,53711
029,46,46,0,53729
029,47,47,0,57119
029,48,48,0,57168
029,49,49,0,57281
029,50,50,0,57912
029,51,51,0,57931
029,52,52,0,58046
029,53,53,0,58061
029,54,54,0,60846
029,55,55,0,61004
029,56,56,0,61123
029,57,57,0,61182
029,58,58,0,61194
030,135,135,0,89115
030,134,134,0,88327
030,133,133,0,88065
030,132,132,0,87942
030,131,131,0,87905
030,130,130,0,87752
030,129,129,0,87751
030,128,128,0,86794
030,127,127,0,85152
030,58,58,0,51476
030,57,57,0,51452
030,56,56,0,46695
030,55,55,0,46674
030,54,54,0,46672
030,53,53,0,46658
030,52,52,0,46636
030,51,51,0,46518
030,50,50,0,46510
030,49,49,0,46110
030,48,48,0,45914
030,47,47,0,45902
030,46,46,0,42576
030,45,45,0,40975
030,44,44,0,40938
030,43,43,0,40903
030,42,42,0,40886
030,41,41,0,40720
030,40,40,0,40066
030,39,39,0,40054
030,38,38,0,39929
030,37,37,0,39922
030,36,36,0,37090
030,35,35,0,37038
030,34,34,0,27305
030,33,33,0,27208
030,32,32,0,25008
030,31,31,0,24920
030,30,30,0,24898
030,29,29,0,24664
030,12,12,0,6026
030,11,11,0,366
030,10,10,0,352
030,9,9,0,205
030,8,8,0,100
030,7,7,0,91
030,6,6,0,82
030,5,5,0,62
030,4,4,0,45
030,3,3,0,13
030,2,2,0,3
030,1,1,0,2
030,0,0,0,1
030,13,13,0,6074
030,14,14,0,6081
030,15,15,0,7472
030,16,16,0,8422
030,17,17,0,10473
030,18,18,0,10497
030,19,19,0,10693
030,20,20,0,10696
030,21,21,0,10838
030,22,22,0,10867
030,23,23,0,11320
030,24,24,0,13965
030,25,25,0,19074
030,26,26,0,22868
030,27,27,0,24268
030,28,28,0,24632
030,59,59,0,51515
030,60,60,0,52748
030,61,61,0,52761
030,62,62,0,52870
030,63,63,0,53105
030,64,64,0,53120
030,65,65,0,53135
030,66,66,0,53147
030,67,67,0,53257
030,68,68,0,53414
030,69,69,0,53621
030,70,70,0,54572
030,71,71,0,56947
030,72,72,0,57039
030,73,73,0,60323
030,74,74,0,60403
030,75,75,0,60404
030,76,76,0,60415
030,77,77,0,60417
030,78,78,0,60425
030,79,79,0,60563
030,80,80,0,60646
030,81,81,0,60704
030,82,82,0,60874
030,83,83,0,64065
030,84,84,0,64097
030,85,85,0,64116
030,86,86,0,65688
030,87,87,0,65730
030,88,88,0,66507
030,89,89,0,66971
030,90,90,0,67173
030,91,91,0,67282
030,92,92,0,67360
030,93,93,0,67397
030,94,94,0,67402
030,95,95,0,67451
030,96,96,0,67460
030,97,97,0,67543
030,98,98,0,67636
030,99,99,0,67646
030,100,100,0,68044
030,101,101,0,68062
030,102,102,0,68096
030,103,103,0,68102
030,104,104,0,68446
030,105,105,0,70590
030,106,106,0,70621
030,107,107,0,73817
030,108,108,0,73845
030,109,109,0,73864
030,110,110,0,73964
030,111,111,0,73970
030,112,112,0,74002
030,113,113,0,74023
030,114,114,0,74710
030,115,115,0,77186
030,116,116,0,77913
030,117,117,0,77917
030,118,118,0,77942
030,119,119,0,78140
030,120,120,0,80461
030,121,121,0,81524
030,122,122,0,81574
030,123,123,0,82116
030,124,124,0,82645
030,125,125,0,85115
030,126,126,0,85125
031,159,159,0,99864
031,158,158,0,98949
031,157,157,0,98944
031,156,156,0,97933
031,155,155,0,97215
031,154,154,0,93515
031,153,153,0,93135
031,152,152,0,92978
031,151,151,0,92767
031,150,150,0,92614
031,149,149,0,91246
031,148,148,0,91006
031,147,147,0,90589
031,146,146,0,90388
031,145,145,0,90355
031,144,144,0,90064
031,143,143,0,89959
031,142,142,0,89508
031,141,141,0,89257
031,140,140,0,89249
031,139,139,0,88924
031,138,138,0,88872
031,137,137,0,88871
031,136,136,0,88562
031,135,135,0,85834
031,134,134,0,83014
031,133,133,0,82280
031,132,132,0,82195
031,131,131,0,82163
031,130,130,0,82132
031,129,129,0,82025
031,128,128,0,81966
031,127,127,0,80900
031,58,58,0,44890
031,57,57,0,44688
031,56,56,0,44632
031,55,55,0,44614
031,54,54,0,44564
031,53,53,0,39807
031,52,52,0,39727
031,51,51,0,38504
031,50,50,0,38499
031,49,49,0,37649
031,48,48,0,37590
031,47,47,0,37579
031,46,46,0,37566
031,45,45,0,37553
031,44,44,0,37450
031,43,43,0,37004
031,42,42,0,36989
031,41,41,0,36983
031,40,40,0,36971
031,39,39,0,35493
031,38,38,0,35447
031,37,37,0,35086
031,36,36,0,35065
031,35,35,0,35061
031,34,34,0,34557
031,33,33,0,33144
031,32,32,0,33100
031,31,31,0,32968
031,30,30,0,30217
031,29,29,0,23818
031,12,12,0,7502
031,11,11,0,7492
031,10,10,0,7480
031,9,9,0,1682
031,8,8,0,1592
031,7,7,0,1023
031,6,6,0,822
031,5,5,0,507
031,4,4,0,53
031,3,3,0,18
031,2,2,0,3
031,1,1,0,2
031,0,0,0,1
031,13,13,0,7893
031,14,14,0,7985
031,15,15,0,7997
031,16,16,0,8018
031,17,17,0,8161
031,18,18,0,8408
031,19,19,0,8451
031,20,20,0,12276
031,21,21,0,12320
031,22,22,0,12407
031,23,23,0,13632
031,24,24,0,13666
031,25,25,0,15109
031,26,26,0,15117
031,27,27,0,19123
031,28,28,0,23140
031,59,59,0,45189
031,60,60,0,45202
031,61,61,0,45205
031,62,62,0,45249
031,63,63,0,45277
031,64,64,0,45310
031,65,65,0,45430
031,66,66,0,45473
031,67,67,0,45573
031,68,68,0,45604
031,69,69,0,45821
031,70,70,0,46087
031,71,71,0,46114
031,72,72,0,46121
031,73,73,0,46221
031,74,74,0,46257
031,75,75,0,51040
031,76,76,0,53727
031,77,77,0,53885
031,78,78,0,54173
031,79,79,0,54692
031,80,80,0,54702
031,81,81,0,56475
031,82,82,0,56666
031,83,83,0,56668
031,84,84,0,56846
031,85,85,0,58564
031,86,86,0,66902
031,87,87,0,66963
031,88,88,0,67163
031,89,89,0,67293
031,90,90,0,67908
031,91,91,0,69565
031,92,92,0,69599
031,93,93,0,70074
031,94,94,0,70102
031,95,95,0,70951
031,96,96,0,71083
031,97,97,0,72602
031,98,98,0,72793
031,99,99,0,72888
031,100,100,0,72898
031,101,101,0,74818
031,102,102,0,75284
031,103,103,0,75354
031,104,104,0,75435
031,105,105,0,75980
031,106,106,0,76002
031,107,107,0,76035
031,108,108,0,76109
031,109,109,0,76161
031,110,110,0,76221
031,111,111,0,76299
031,112,112,0,76515
031,113,113,0,76557
031,114,114,0,77046
031,115,115,0,78315
031,116,116,0,78350
031,117,117,0,78662
031,118,118,0,78681
031,119,119,0,79344
031,120,120,0,80584
031,121,121,0,80614
031,122,122,0,80644
031,123,123,0,80652
031,124,124,0,80872
031,125,125,0,80898
031,126,126,0,80899
032,110,110,0,98849
032,109,109,0,98695
032,108,108,0,98530
032,107,107,0,98517
032,106,106,0,98514
032,105,105,0,98507
032,104,104,0,98447
032,103,103,0,98267
032,102,102,0,98228
032,101,101,0,98066
032,100,100,0,97848
032,99,99,0,97581
032,98,98,0,96004
032,97,97,0,95485
032,96,96,0,95243
032,95,95,0,95183
032,94,94,0,93448
032,93,93,0,93356
032,92,92,0,89263
032,91,91,0,89143
032,90,90,0,89124
032,89,89,0,89121
032,88,88,0,85987
032,87,87,0,78526
032,86,86,0,78431
032,85,85,0,78327
032,84,84,0,76413
032,83,83,0,76350
032,82,82,0,76156
032,81,81,0,76122
032,80,80,0,75741
032,79,79,0,75505
032,78,78,0,75377
032,77,77,0,75355
032,76,76,0,74478
032,75,75,0,72086
032,74,74,0,71608
032,73,73,0,71568
032,72,72,0,70795
032,71,71,0,70697
032,70,70,0,70696
032,69,69,0,70085
032,68,68,0,70027
032,67,67,0,70020
032,66,66,0,70009
032,65,65,0,69996
032,64,64,0,68933
032,63,63,0,68869
032,62,62,0,67176
032,61,61,0,67128
032,60,60,0,67127
032,59,59,0,65952
032,28,28,0,9156
032,27,27,0,9136
032,26,26,0,9129
032,25,25,0,9120
032,24,24,0,8463
032,23,23,0,7684
032,22,22,0,7535
032,21,21,0,7209
032,20,20,0,7184
032,19,19,0,2708
032,18,18,0,2641
032,17,17,0,2626
032,16,16,0,2614
032,15,15,0,2590
032,14,14,0,2556
032,13,13,0,2432
032,0,0,0,1
032,1,1,0,2
032,2,2,0,4
032,3,3,0,23
032,4,4,0,176
032,5,5,0,336
032,6,6,0,339
032,7,7,0,410
032,8,8,0,429
032,9,9,0,1352
032,10,10,0,2079
032,11,11,0,2114
032,12,12,0,2240
032,29,29,0,9304
032,30,30,0,10794
032,31,31,0,10830
032,32,32,0,10897
032,33,33,0,14383
032,34,34,0,14963
032,35,35,0,24264
032,36,36,0,24330
032,37,37,0,24333
032,38,38,0,24562
032,39,39,0,25907
032,40,40,0,27414
032,41,41,0,28005
032,42,42,0,28088
032,43,43,0,28100
032,44,44,0,39813
032,45,45,0,45194
032,46,46,0,45202
032,47,47,0,45208
032,48,48,0,45219
032,49,49,0,45258
032,50,50,0,45884
032,51,51,0,46314
032,52,52,0,52237
032,53,53,0,52305
032,54,54,0,52634
032,55,55,0,61938
032,56,56,0,61992
032,57,57,0,62074
032,58,58,0,65821
033,95,95,0,97815
033,94,94,0,96109
033,93,93,0,96107
033,92,92,0,96101
033,91,91,0,96092
033,90,90,0,96082
033,89,89,0,94142
033,88,88,0,94105
033,87,87,0,93730
033,86,86,0,93491
033,85,85,0,90500
033,84,84,0,85516
033,83,83,0,84901
033,82,82,0,84791
033,81,81,0,84742
033,80,80,0,84736
033,79,79,0,84195
033,78,78,0,83929
033,77,77,0,83917
033,76,76,0,83643
033,75,75,0,83612
033,74,74,0,72383
033,73,73,0,72249
033,72,72,0,72214
033,71,71,0,72111
033,70,70,0,57918
033,69,69,0,56571
033,68,68,0,49977
033,67,67,0,49731
033,66,66,0,49658
033,65,65,0,49633
033,64,64,0,41388
033,63,63,0,40566
033,62,62,0,39948
033,61,61,0,32011
033,60,60,0,31908
033,59,59,0,31857
033,28,28,0,18563
033,27,27,0,18561
033,26,26,0,18399
033,25,25,0,18364
033,24,24,0,15283
033,23,23,0,12081
033,22,22,0,12047
033,21,21,0,11505
033,20,20,0,11446
033,19,19,0,10012
033,18,18,0,10007
033,17,17,0,9306
033,16,16,0,7553
033,15,15,0,7548
033,14,14,0,6071
033,13,13,0,6008
033,0,0,0,1
033,1,1,0,2
033,2,2,0,6
033,3,3,0,19
033,4,4,0,20
033,5,5,0,1126
033,6,6,0,3681
033,7,7,0,3800
033,8,8,0,5682
033,9,9,0,5826
033,10,10,0,5971
033,11,11,0,5991
033,12,12,0,6001
033,29,29,0,22803
033,30,30,0,23267
033,31,31,0,23269
033,32,32,0,23341
033,33,33,0,23741
033,34,34,0,25200
033,35,35,0,25257
033,36,36,0,25265
033,37,37,0,26362
033,38,38,0,27190
033,39,39,0,27232
033,40,40,0,27364
033,41,41,0,27438
033,42,42,0,27555
033,43,43,0,27682
033,44,44,0,27823
033,45,45,0,28519
033,46,46,0,28556
033,47,47,0,28567
033,48,48,0,28805
033,49,49,0,28821
033,50,50,0,28871
033,51,51,0,28876
033,52,52,0,28888
033,53,53,0,28907
033,54,54,0,28969
033,55,55,0,29779
033,56,56,0,29785
033,57,57,0,31668
033,58,58,0,31760
034,92,92,0,97474
034,91,91,0,97400
034,90,90,0,97350
034,89,89,0,94877
034,88,88,0,93260
034,87,87,0,88425
034,86,86,0,85644
034,85,85,0,85497
034,84,84,0,81928
034,83,83,0,80871
034,82,82,0,80796
034,81,81,0,80545
034,80,80,0,62502
034,79,79,0,62484
034,78,78,0,62480
034,77,77,0,62455
034,76,76,0,62430
034,75,75,0,62395
034,74,74,0,62274
034,73,73,0,62230
034,72,72,0,62197
034,71,71,0,62171
034,70,70,0,62132
034,69,69,0,61840
034,68,68,0,61116
034,67,67,0,61058
034,66,66,0,61039
034,65,65,0,60416
034,64,64,0,60396
034,63,63,0,60046
034,62,62,0,58833
034,61,61,0,57132
034,60,60,0,57106
034,59,59,0,56832
034,28,28,0,19011
034,27,27,0,18454
034,26,26,0,18439
034,25,25,0,18432
034,24,24,0,16423
034,23,23,0,16157
034,22,22,0,14705
034,21,21,0,14494
034,20,20,0,14487
034,19,19,0,14252
034,18,18,0,14068
034,17,17,0,13977
034,16,16,0,13858
034,15,15,0,13770
034,14,14,0,11935
034,13,13,0,11500
034,0,0,0,1
034,1,1,0,2
034,2,2,0,3
034,3,3,0,15
034,4,4,0,122
034,5,5,0,1087
034,6,6,0,1292
034,7,7,0,1308
034,8,8,0,1348
034,9,9,0,1561
034,10,10,0,1625
034,11,11,0,7048
034,12,12,0,7698
034,29,29,0,19023
034,30,30,0,21330
034,31,31,0,21756
034,32,32,0,21810
034,33,33,0,22120
034,34,34,0,22124
034,35,35,0,22743
034,36,36,0,25590
034,37,37,0,25598
034,38,38,0,25610
034,39,39,0,25788
034,40,40,0,25789
034,41,41,0,26289
034,42,42,0,26680
034,43,43,0,41816
034,44,44,0,53590
034,45,45,0,53607
034,46,46,0,53614
034,47,47,0,53642
034,48,48,0,54100
034,49,49,0,55020
034,50,50,0,55367
034,51,51,0,55961
034,52,52,0,56045
034,53,53,0,56111
034,54,54,0,56297
034,55,55,0,56740
034,56,56,0,56745
034,57,57,0,56796
034,58,58,0,56813
035,96,96,0,99677
035,95,95,0,99562
035,94,94,0,99139
035,93,93,0,98739
035,92,92,0,98616
035,91,91,0,98159
035,90,90,0,98141
035,89,89,0,96526
035,88,88,0,91569
035,87,87,0,90605
035,86,86,0,88192
035,85,85,0,88182
035,84,84,0,88161
035,83,83,0,88013
035,82,82,0,87979
035,81,81,0,87926
035,80,80,0,87908
035,79,79,0,87197
035,78,78,0,87037
035,77,77,0,87022
035,76,76,0,87015
035,75,75,0,86991
035,74,74,0,86984
035,73,73,0,86942
035,72,72,0,86928
035,71,71,0,86644
035,70,70,0,86626
035,69,69,0,86052
035,68,68,0,85945
035,67,67,0,80754
035,66,66,0,80736
035,65,65,0,80691
035,64,64,0,79938
035,63,63,0,74116
035,62,62,0,74100
035,61,61,0,73125
035,60,60,0,71371
035,59,59,0,69080
035,28,28,0,32142
035,27,27,0,31531
035,26,26,0,31389
035,25,25,0,15368
035,24,24,0,15127
035,23,23,0,14518
035,22,22,0,14501
035,21,21,0,13596
035,20,20,0,10083
035,19,19,0,9448
035,18,18,0,9435
035,17,17,0,9062
035,16,16,0,8902
035,15,15,0,8841
035,14,14,0,6847
035,13,13,0,6823
035,0,0,0,1
035,1,1,0,2
035,2,2,0,5
035,3,3,0,15
035,4,4,0,264
035,5,5,0,266
035,6,6,0,295
035,7,7,0,317
035,8,8,0,449
035,9,9,0,481
035,10,10,0,723
035,11,11,0,749
035,12,12,0,786
035,29,29,0,33276
035,30,30,0,38223
035,31,31,0,40331
035,32,32,0,44134
035,33,33,0,44245
035,34,34,0,44313
035,35,35,0,48899
035,36,36,0,52581
035,37,37,0,52932
035,38,38,0,53942
035,39,39,0,53990
035,40,40,0,57318
035,41,41,0,57498
035,42,42,0,57580
035,43,43,0,57582
035,44,44,0,60849
035,45,45,0,61853
035,46,46,0,61858
035,47,47,0,61967
035,48,48,0,64830
035,49,49,0,65049
035,50,50,0,65830
035,51,51,0,65848
035,52,52,0,67324
035,53,53,0,68522
035,54,54,0,68568
035,55,55,0,68672
035,56,56,0,68688
035,57,57,0,68851
035,58,58,0,68998
036,76,76,0,95766
036,75,75,0,95743
036,74,74,0,94784
036,73,73,0,94274
036,72,72,0,94270
036,71,71,0,94144
036,70,70,0,94128
036,69,69,0,94038
036,68,68,0,92269
036,67,67,0,83770
036,66,66,0,83669
036,65,65,0,79704
036,64,64,0,79409
036,63,63,0,79268
036,62,62,0,79238
036,61,61,0,79224
036,60,60,0,79208
036,59,59,0,79155
036,28,28,0,29909
036,27,27,0,29204
036,26,26,0,29099
036,25,25,0,29018
036,24,24,0,28705
036,23,23,0,28030
036,22,22,0,28015
036,21,21,0,27820
036,20,20,0,23097
036,19,19,0,16147
036,18,18,0,16100
036,17,17,0,15975
036,16,16,0,15955
036,15,15,0,15914
036,14,14,0,8805
036,13,13,0,8782
036,0,0,0,1
036,1,1,0,2
036,2,2,0,6
036,3,3,0,14
036,4,4,0,142
036,5,5,0,956
036,6,6,0,1491
036,7,7,0,1693
036,8,8,0,5508
036,9,9,0,5973
036,10,10,0,8019
036,11,11,0,8078
036,12,12,0,8102
036,29,29,0,30389
036,30,30,0,30599
036,31,31,0,30606
036,32,32,0,30618
036,33,33,0,30631
036,34,34,0,30667
036,35,35,0,36928
036,36,36,0,39876
036,37,37,0,52474
036,38,38,0,58806
036,39,39,0,60891
036,40,40,0,60899
036,41,41,0,60905
036,42,42,0,61197
036,43,43,0,64082
036,44,44,0,64121
036,45,45,0,64408
036,46,46,0,66746
036,47,47,0,66822
036,48,48,0,66867
036,49,49,0,70963
036,50,50,0,72530
036,51,51,0,72545
036,52,52,0,72628
036,53,53,0,73436
036,54,54,0,76502
036,55,55,0,77068
036,56,56,0,77094
036,57,57,0,78987
036,58,58,0,79051
037,94,94,0,98577
037,93,93,0,98448
037,92,92,0,98134
037,91,91,0,98046
037,90,90,0,98045
037,89,89,0,96414
037,88,88,0,96316
037,87,87,0,96312
037,86,86,0,96303
037,85,85,0,93699
037,84,84,0,91709
037,83,83,0,91707
037,82,82,0,91617
037,81,81,0,91579
037,80,80,0,91547
037,79,79,0,91517
037,78,78,0,80971
037,77,77,0,80741
037,76,76,0,67649
037,75,75,0,67642
037,74,74,0,63627
037,73,73,0,60874
037,72,72,0,60609
037,71,71,0,58771
037,70,70,0,52424
037,69,69,0,52087
037,68,68,0,47065
037,67,67,0,46580
037,66,66,0,46484
037,65,65,0,46442
037,64,64,0,42263
037,63,63,0,42260
037,62,62,0,41027
037,61,61,0,40971
037,60,60,0,40964
037,59,59,0,38130
037,28,28,0,19520
037,27,27,0,19152
037,26,26,0,18711
037,25,25,0,18686
037,24,24,0,18074
037,23,23,0,18027
037,22,22,0,18015
037,21,21,0,17957
037,20,20,0,17864
037,19,19,0,16899
037,18,18,0,16793
037,17,17,0,12091
037,16,16,0,11961
037,15,15,0,11931
037,14,14,0,10428
037,13,13,0,6780
037,0,0,0,1
037,1,1,0,2
037,2,2,0,3
037,3,3,0,20
037,4,4,0,163
037,5,5,0,897
037,6,6,0,940
037,7,7,0,1015
037,8,8,0,4565
037,9,9,0,4567
037,10,10,0,5363
037,11,11,0,5401
037,12,12,0,5523
037,29,29,0,19889
037,30,30,0,25251
037,31,31,0,25285
037,32,32,0,25400
037,33,33,0,26670
037,34,34,0,29336
037,35,35,0,29359
037,36,36,0,29379
037,37,37,0,29677
037,38,38,0,29860
037,39,39,0,31064
037,40,40,0,31101
037,41,41,0,31128
037,42,42,0,31142
037,43,43,0,31159
037,44,44,0,33485
037,45,45,0,33572
037,46,46,0,33584
037,47,47,0,33758
037,48,48,0,33771
037,49,49,0,33948
037,50,50,0,35647
037,51,51,0,36181
037,52,52,0,36317
037,53,53,0,36768
037,54,54,0,37372
037,55,55,0,37375
037,56,56,0,37392
037,57,57,0,37503
037,58,58,0,37984
038,88,88,0,94249
038,87,87,0,93689
038,86,86,0,93462
038,85,85,0,93402
038,84,84,0,93292
038,83,83,0,92764
038,82,82,0,92758
038,81,81,0,92275
038,80,80,0,92267
038,79,79,0,89161
038,78,78,0,89120
038,77,77,0,89109
038,76,76,0,89039
038,75,75,0,89013
038,74,74,0,88864
038,73,73,0,74641
038,72,72,0,71826
038,71,71,0,68449
038,70,70,0,68399
038,69,69,0,58112
038,68,68,0,57843
038,67,67,0,57731
038,66,66,0,57709
038,65,65,0,57698
038,64,64,0,57440
038,63,63,0,57346
038,62,62,0,57155
038,61,61,0,56962
038,60,60,0,53866
038,59,59,0,52313
038,28,28,0,16690
038,27,27,0,11484
038,26,26,0,11366
038,25,25,0,11356
038,24,24,0,11007
038,23,23,0,10974
038,22,22,0,10953
038,21,21,0,10864
038,20,20,0,10800
038,19,19,0,9624
038,18,18,0,9486
038,17,17,0,9027
038,16,16,0,8928
038,15,15,0,4133
038,14,14,0,4089
038,13,13,0,4083
038,0,0,0,1
038,1,1,0,2
038,2,2,0,5
038,3,3,0,16
038,4,4,0,122
038,5,5,0,211
038,6,6,0,223
038,7,7,0,230
038,8,8,0,244
038,9,9,0,427
038,10,10,0,543
038,11,11,0,1416
038,12,12,0,4050
038,29,29,0,17086
038,30,30,0,17088
038,31,31,0,19460
038,32,32,0,19480
038,33,33,0,19485
038,34,34,0,19501
038,35,35,0,20287
038,36,36,0,20297
038,37,37,0,20298
038,38,38,0,20322
038,39,39,0,20487
038,40,40,0,22848
038,41,41,0,24859
038,42,42,0,24872
038,43,43,0,40733
038,44,44,0,40791
038,45,45,0,41710
038,46,46,0,41759
038,47,47,0,41784
038,48,48,0,41977
038,49,49,0,42088
038,50,50,0,42226
038,51,51,0,42243
038,52,52,0,42308
038,53,53,0,43581
038,54,54,0,44016
038,55,55,0,44692
038,56,56,0,44727
038,57,57,0,44796
038,58,58,0,52284
039,80,80,0,98402
039,79,79,0,98361
039,78,78,0,98337
039,77,77,0,97990
039,76,76,0,97769
039,75,75,0,97720
039,74,74,0,96195
039,73,73,0,96050
039,72,72,0,96046
039,71,71,0,96041
039,70,70,0,96030
039,69,69,0,96000
039,68,68,0,95980
039,67,67,0,95939
039,66,66,0,88341
039,65,65,0,87576
039,64,64,0,86609
039,63,63,0,84311
039,62,62,0,83922
039,61,61,0,83806
039,60,60,0,82945
039,59,59,0,82896
039,28,28,0,30446
039,27,27,0,30406
039,26,26,0,21578
039,25,25,0,21571
039,24,24,0,21413
039,23,23,0,20561
039,22,22,0,20532
039,21,21,0,16279
039,20,20,0,15210
039,19,19,0,14645
039,18,18,0,14475
039,17,17,0,9068
039,16,16,0,8987
039,15,15,0,5221
039,14,14,0,3328
039,13,13,0,3320
039,0,0,0,1
039,1,1,0,2
039,2,2,0,4
039,3,3,0,17
039,4,4,0,60
039,5,5,0,102
039,6,6,0,124
039,7,7,0,197
039,8,8,0,560
039,9,9,0,620
039,10,10,0,2538
039,11,11,0,3279
039,12,12,0,3304
039,29,29,0,33662
039,30,30,0,33906
039,31,31,0,37365
039,32,32,0,37476
039,33,33,0,37486
039,34,34,0,44726
039,35,35,0,44730
039,36,36,0,44814
039,37,37,0,44979
039,38,38,0,45035
039,39,39,0,47186
039,40,40,0,48111
039,41,41,0,53596
039,42,42,0,53613
039,43,43,0,53615
039,44,44,0,53619
039,45,45,0,69818
039,46,46,0,69823
039,47,47,0,69835
039,48,48,0,69858
039,49,49,0,70062
039,50,50,0,70323
039,51,51,0,70360
039,52,52,0,70778
039,53,53,0,70874
039,54,54,0,70920
039,55,55,0,71486
039,56,56,0,77841
039,57,57,0,78931
039,58,58,0,81568
040,129,129,0,99494
040,128,128,0,87654
040,127,127,0,87641
040,58,58,0,35909
040,57,57,0,35121
040,56,56,0,35102
040,55,55,0,35089
040,54,54,0,35084
040,53,53,0,28958
040,52,52,0,28851
040,51,51,0,28841
040,50,50,0,28794
040,49,49,0,28214
040,48,48,0,28213
040,47,47,0,28196
040,46,46,0,28195
040,45,45,0,28172
040,44,44,0,27761
040,43,43,0,27616
040,42,42,0,27596
040,41,41,0,27591
040,40,40,0,27573
040,39,39,0,26131
040,38,38,0,26128
040,37,37,0,25860
040,36,36,0,25695
040,35,35,0,25586
040,34,34,0,25487
040,33,33,0,25382
040,32,32,0,25376
040,31,31,0,25342
040,30,30,0,25312
040,29,29,0,23879
040,12,12,0,3248
040,11,11,0,3106
040,10,10,0,3102
040,9,9,0,3083
040,8,8,0,2831
040,7,7,0,2760
040,6,6,0,2637
040,5,5,0,2604
040,4,4,0,109
040,3,3,0,10
040,2,2,0,7
040,1,1,0,2
040,0,0,0,1
040,13,13,0,3267
040,14,14,0,3313
040,15,15,0,3333
040,16,16,0,4090
040,17,17,0,4381
040,18,18,0,4458
040,19,19,0,11137
040,20,20,0,11353
040,21,21,0,11759
040,22,22,0,11873
040,23,23,0,12091
040,24,24,0,12132
040,25,25,0,12381
040,26,26,0,12405
040,27,27,0,12571
040,28,28,0,23624
040,59,59,0,35961
040,60,60,0,36630
040,61,61,0,40024
040,62,62,0,40203
040,63,63,0,40661
040,64,64,0,47014
040,65,65,0,47034
040,66,66,0,47059
040,67,67,0,47082
040,68,68,0,48224
040,69,69,0,48307
040,70,70,0,48647
040,71,71,0,48662
040,72,72,0,49058
040,73,73,0,49485
040,74,74,0,51808
040,75,75,0,53826
040,76,76,0,53842
040,77,77,0,55355
040,78,78,0,56880
040,79,79,0,56899
040,80,80,0,57655
040,81,81,0,58454
040,82,82,0,58503
040,83,83,0,58777
040,84,84,0,58888
040,85,85,0,59467
040,86,86,0,59761
040,87,87,0,59828
040,88,88,0,60958
040,89,89,0,61283
040,90,90,0,62472
040,91,91,0,62577
040,92,92,0,62642
040,93,93,0,64962
040,94,94,0,65009
040,95,95,0,65029
040,96,96,0,65049
040,97,97,0,65167
040,98,98,0,65730
040,99,99,0,65738
040,100,100,0,65750
040,101,101,0,65765
040,102,102,0,65946
040,103,103,0,66861
040,104,104,0,67031
040,105,105,0,67054
040,106,106,0,67064
040,107,107,0,67093
040,108,108,0,67356
040,109,109,0,67540
040,110,110,0,67566
040,111,111,0,67580
040,112,112,0,67890
040,113,113,0,67942
040,114,114,0,67998
040,115,115,0,70713
040,116,116,0,71697
040,117,117,0,71726
040,118,118,0,71727
040,119,119,0,71832
040,120,120,0,72357
040,121,121,0,76066
040,122,122,0,76080
040,123,123,0,85900
040,124,124,0,85971
040,125,125,0,87572
040,126,126,0,87605
041,85,85,0,99782
041,84,84,0,97142
041,83,83,0,86119
041,82,82,0,85992
041,81,81,0,85965
041,80,80,0,84320
041,79,79,0,83013
041,78,78,0,82818
041,77,77,0,82616
041,76,76,0,82492
041,75,75,0,82486
041,74,74,0,81286
041,73,73,0,77926
041,72,72,0,72040
041,71,71,0,72000
041,70,70,0,71438
041,69,69,0,70802
041,68,68,0,65149
041,67,67,0,64726
041,66,66,0,64709
041,65,65,0,64678
041,64,64,0,62802
041,63,63,0,62761
041,62,62,0,62608
041,61,61,0,62547
041,60,60,0,62522
041,59,59,0,62381
041,28,28,0,26044
041,27,27,0,25840
041,26,26,0,25810
041,25,25,0,25777
041,24,24,0,12378
041,23,23,0,12293
041,22,22,0,12139
041,21,21,0,12119
041,20,20,0,12097
041,19,19,0,10295
041,18,18,0,5889
041,17,17,0,5878
041,16,16,0,5867
041,15,15,0,5860
041,14,14,0,5735
041,13,13,0,5723
041,0,0,0,1
041,1,1,0,2
041,2,2,0,6
041,3,3,0,27
041,4,4,0,149
041,5,5,0,167
041,6,6,0,894
041,7,7,0,2184
041,8,8,0,2257
041,9,9,0,2281
041,10,10,0,2368
041,11,11,0,5485
041,12,12,0,5488
041,29,29,0,26293
041,30,30,0,27701
041,31,31,0,27703
041,32,32,0,27780
041,33,33,0,27863
041,34,34,0,27989
041,35,35,0,28059
041,36,36,0,28102
041,37,37,0,33022
041,38,38,0,33057
041,39,39,0,33085
041,40,40,0,34341
041,41,41,0,34378
041,42,42,0,34560
041,43,43,0,34807
041,44,44,0,53820
041,45,45,0,53962
041,46,46,0,55767
041,47,47,0,56163
041,48,48,0,56385
041,49,49,0,56445
041,50,50,0,56448
041,51,51,0,56472
041,52,52,0,56508
041,53,53,0,56518
041,54,54,0,56691
041,55,55,0,57196
041,56,56,0,57270
041,57,57,0,57286
041,58,58,0,62153
042,129,129,0,99901
042,128,128,0,99824
042,127,127,0,99212
042,58,58,0,62041
042,57,57,0,55065
042,56,56,0,54940
042,55,55,0,52707
042,54,54,0,52520
042,53,53,0,52482
042,52,52,0,52360
042,51,51,0,52331
042,50,50,0,52300
042,49,49,0,44053
042,48,48,0,44050
042,47,47,0,42353
042,46,46,0,41951
042,45,45,0,41895
042,44,44,0,40475
042,43,43,0,40337
042,42,42,0,40315
042,41,41,0,40296
042,40,40,0,40283
042,39,39,0,40063
042,38,38,0,38616
042,37,37,0,38322
042,36,36,0,38279
042,35,35,0,36877
042,34,34,0,35735
042,33,33,0,24121
042,32,32,0,24097
042,31,31,0,24091
042,30,30,0,18791
042,29,29,0,16039
042,12,12,0,6230
042,11,11,0,6082
042,10,10,0,5953
042,9,9,0,4790
042,8,8,0,3755
042,7,7,0,3736
042,6,6,0,3623
042,5,5,0,880
042,4,4,0,103
042,3,3,0,12
042,2,2,0,4
042,1,1,0,2
042,0,0,0,1
042,13,13,0,6266
042,14,14,0,6344
042,15,15,0,6392
042,16,16,0,6395
042,17,17,0,6431
042,18,18,0,6542
042,19,19,0,6588
042,20,20,0,6604
042,21,21,0,6611
042,22,22,0,6618
042,23,23,0,6945
042,24,24,0,6955
042,25,25,0,8304
042,26,26,0,15259
042,27,27,0,15492
042,28,28,0,15840
042,59,59,0,62133
042,60,60,0,62586
042,61,61,0,67104
042,62,62,0,67119
042,63,63,0,67127
042,64,64,0,67179
042,65,65,0,67589
042,66,66,0,72521
042,67,67,0,72534
042,68,68,0,72565
042,69,69,0,72657
042,70,70,0,72974
042,71,71,0,72976
042,72,72,0,72986
042,73,73,0,73021
042,74,74,0,73092
042,75,75,0,74339
042,76,76,0,74357
042,77,77,0,74376
042,78,78,0,77035
042,79,79,0,77048
042,80,80,0,77556
042,81,81,0,77580
042,82,82,0,81381
042,83,83,0,84977
042,84,84,0,85470
042,85,85,0,86403
042,86,86,0,86411
042,87,87,0,86470
042,88,88,0,86546
042,89,89,0,86559
042,90,90,0,89971
042,91,91,0,89980
042,92,92,0,90029
042,93,93,0,90142
042,94,94,0,90223
042,95,95,0,90583
042,96,96,0,90679
042,97,97,0,90838
042,98,98,0,90893
042,99,99,0,90908
042,100,100,0,90956
042,101,101,0,90958
042,102,102,0,90969
042,103,103,0,90977
042,104,104,0,91247
042,105,105,0,93439
042,106,106,0,93443
042,107,107,0,93457
042,108,108,0,93467
042,109,109,0,93573
042,110,110,0,93617
042,111,111,0,93632
042,112,112,0,93669
042,113,113,0,93792
042,114,114,0,93892
042,115,115,0,94611
042,116,116,0,94622
042,117,117,0,94628
042,118,118,0,94847
042,119,119,0,95031
042,120,120,0,95078
042,121,121,0,95170
042,122,122,0,95469
042,123,123,0,95662
042,124,124,0,95665
042,125,125,0,97807
042,126,126,0,98749
043,114,114,0,97458
043,113,113,0,97389
043,112,112,0,94669
043,111,111,0,94655
043,110,110,0,94645
043,109,109,0,93331
043,108,108,0,93267
043,107,107,0,93246
043,106,106,0,93235
043,105,105,0,93225
043,104,104,0,93216
043,103,103,0,93039
043,102,102,0,92876
043,101,101,0,92804
043,100,100,0,92599
043,99,99,0,91002
043,98,98,0,90494
043,97,97,0,90471
043,96,96,0,90347
043,95,95,0,90330
043,94,94,0,90289
043,93,93,0,90246
043,92,92,0,85629
043,91,91,0,85624
043,90,90,0,83184
043,89,89,0,82821
043,88,88,0,82782
043,87,87,0,82744
043,86,86,0,82736
043,85,85,0,82727
043,84,84,0,82001
043,83,83,0,81780
043,82,82,0,81352
043,81,81,0,81275
043,80,80,0,81235
043,79,79,0,81216
043,78,78,0,81212
043,77,77,0,79815
043,76,76,0,79282
043,75,75,0,78456
043,74,74,0,78287
043,73,73,0,77456
043,72,72,0,77424
043,71,71,0,77358
043,70,70,0,74493
043,69,69,0,72618
043,68,68,0,72527
043,67,67,0,67582
043,66,66,0,67434
043,65,65,0,66410
043,64,64,0,64841
043,63,63,0,64633
043,62,62,0,64625
043,61,61,0,61317
043,60,60,0,56936
043,59,59,0,56934
043,28,28,0,8975
043,27,27,0,8931
043,26,26,0,8686
043,25,25,0,8678
043,24,24,0,8636
043,23,23,0,8234
043,22,22,0,8209
043,21,21,0,8193
043,20,20,0,8174
043,19,19,0,8133
043,18,18,0,8065
043,17,17,0,7903
043,16,16,0,7640
043,15,15,0,7583
043,14,14,0,7504
043,13,13,0,7134
043,0,0,0,1
043,1,1,0,2
043,2,2,0,5
043,3,3,0,20
043,4,4,0,74
043,5,5,0,514
043,6,6,0,531
043,7,7,0,545
043,8,8,0,547
043,9,9,0,583
043,10,10,0,2373
043,11,11,0,5871
043,12,12,0,6481
043,29,29,0,9216
043,30,30,0,19643
043,31,31,0,20743
043,32,32,0,20760
043,33,33,0,20968
043,34,34,0,21864
043,35,35,0,21906
043,36,36,0,21925
043,37,37,0,22208
043,38,38,0,22218
043,39,39,0,22493
043,40,40,0,32859
043,41,41,0,35226
043,42,42,0,35434
043,43,43,0,35453
043,44,44,0,35548
043,45,45,0,49813
043,46,46,0,49840
043,47,47,0,49978
043,48,48,0,49989
043,49,49,0,50034
043,50,50,0,50435
043,51,51,0,50448
043,52,52,0,50461
043,53,53,0,50541
043,54,54,0,50603
043,55,55,0,50998
043,56,56,0,52828
043,57,57,0,52860
043,58,58,0,56277
044,114,114,0,99791
044,113,113,0,99125
044,112,112,0,99070
044,111,111,0,99057
044,110,110,0,85341
044,109,109,0,83168
044,108,108,0,83025
044,107,107,0,82948
044,106,106,0,80244
044,105,105,0,80236
044,104,104,0,79853
044,103,103,0,79656
044,102,102,0,79650
044,101,101,0,74722
044,100,100,0,74337
044,99,99,0,73592
044,98,98,0,73541
044,97,97,0,69250
044,96,96,0,69202
044,95,95,0,67039
044,94,94,0,65261
044,93,93,0,65133
044,92,92,0,65093
044,91,91,0,64982
044,90,90,0,64933
044,89,89,0,62538
044,88,88,0,62518
044,87,87,0,62506
044,86,86,0,62391
044,85,85,0,62353
044,84,84,0,60061
044,83,83,0,59966
044,82,82,0,59118
044,81,81,0,58893
044,80,80,0,58863
044,79,79,0,58125
044,78,78,0,58029
044,77,77,0,58013
044,76,76,0,58005
044,75,75,0,52657
044,74,74,0,52517
044,73,73,0,49956
044,72,72,0,49936
044,71,71,0,49814
044,70,70,0,47025
044,69,69,0,45116
044,68,68,0,43614
044,67,67,0,43156
044,66,66,0,42978
044,65,65,0,42906
044,64,64,0,41778
044,63,63,0,41350
044,62,62,0,41314
044,61,61,0,41275
044,60,60,0,40581
044,59,59,0,39384
044,28,28,0,18137
044,27,27,0,18019
044,26,26,0,17972
044,25,25,0,17902
044,24,24,0,17480
044,23,23,0,15833
044,22,22,0,15149
044,21,21,0,15071
044,20,20,0,13824
044,19,19,0,13373
044,18,18,0,13346
044,17,17,0,13295
044,16,16,0,13135
044,15,15,0,13117
044,14,14,0,13011
044,13,13,0,5684
044,0,0,0,1
044,1,1,0,2
044,2,2,0,7
044,3,3,0,20
044,4,4,0,34
044,5,5,0,324
044,6,6,0,521
044,7,7,0,526
044,8,8,0,604
044,9,9,0,614
044,10,10,0,2003
044,11,11,0,4570
044,12,12,0,5661
044,29,29,0,18167
044,30,30,0,18864
044,31,31,0,18873
044,32,32,0,18985
044,33,33,0,19055
044,34,34,0,19260
044,35,35,0,19598
044,36,36,0,19615
044,37,37,0,23455
044,38,38,0,23611
044,39,39,0,24122
044,40,40,0,28214
044,41,41,0,28219
044,42,42,0,28225
044,43,43,0,28239
044,44,44,0,28423
044,45,45,0,28587
044,46,46,0,28638
044,47,47,0,28661
044,48,48,0,28662
044,49,49,0,28734
044,50,50,0,29869
044,51,51,0,29913
044,52,52,0,32816
044,53,53,0,33794
044,54,54,0,33817
044,55,55,0,33919
044,56,56,0,38646
044,57,57,0,38710
044,58,58,0,38813
045,122,122,0,93112
045,121,121,0,92916
045,120,120,0,92898
045,119,119,0,92154
045,118,118,0,92036
045,117,117,0,92032
045,116,116,0,91990
045,115,115,0,91977
045,114,114,0,91796
045,113,113,0,91463
045,112,112,0,91412
045,111,111,0,91113
045,110,110,0,91049
045,109,109,0,90833
045,108,108,0,89991
045,107,107,0,89847
045,106,106,0,89811
045,105,105,0,87900
045,104,104,0,87797
045,103,103,0,87633
045,102,102,0,87603
045,101,101,0,87593
045,100,100,0,87585
045,99,99,0,87503
045,98,98,0,87368
045,97,97,0,87301
045,96,96,0,87197
045,95,95,0,87111
045,94,94,0,85547
045,93,93,0,85345
045,92,92,0,85330
045,91,91,0,85284
045,90,90,0,85271
045,89,89,0,85037
045,88,88,0,84820
045,87,87,0,84738
045,86,86,0,84390
045,85,85,0,84375
045,84,84,0,78148
045,83,83,0,77959
045,82,82,0,77892
045,81,81,0,77856
045,80,80,0,75821
045,79,79,0,75629
045,78,78,0,75413
045,77,77,0,75349
045,76,76,0,75337
045,75,75,0,75326
045,74,74,0,72313
045,73,73,0,72298
045,72,72,0,72260
045,71,71,0,72242
045,70,70,0,68140
045,69,69,0,67997
045,68,68,0,66857
045,67,67,0,66702
045,66,66,0,66285
045,65,65,0,66270
045,64,64,0,65536
045,63,63,0,65533
045,62,62,0,65195
045,61,61,0,65102
045,60,60,0,65087
045,59,59,0,54296
045,28,28,0,27996
045,27,27,0,25732
045,26,26,0,20039
045,25,25,0,20027
045,24,24,0,18509
045,23,23,0,18426
045,22,22,0,17456
045,21,21,0,17438
045,20,20,0,10389
045,19,19,0,9856
045,18,18,0,9761
045,17,17,0,9719
045,16,16,0,9707
045,15,15,0,9161
045,14,14,0,8791
045,13,13,0,7234
045,0,0,0,1
045,1,1,0,2
045,2,2,0,6
045,3,3,0,12
045,4,4,0,74
045,5,5,0,1987
045,6,6,0,1988
045,7,7,0,3816
045,8,8,0,4037
045,9,9,0,4101
045,10,10,0,6324
045,11,11,0,6396
045,12,12,0,7220
045,29,29,0,28156
045,30,30,0,28966
045,31,31,0,31637
045,32,32,0,33874
045,33,33,0,34423
045,34,34,0,34486
045,35,35,0,37207
045,36,36,0,37234
045,37,37,0,37243
045,38,38,0,37686
045,39,39,0,44610
045,40,40,0,46249
045,41,41,0,46272
045,42,42,0,47569
045,43,43,0,47607
045,44,44,0,47679
045,45,45,0,49282
045,46,46,0,49313
045,47,47,0,49489
045,48,48,0,49544
045,49,49,0,49580
045,50,50,0,50348
045,51,51,0,50372
045,52,52,0,50420
045,53,53,0,51185
045,54,54,0,51249
045,55,55,0,51992
045,56,56,0,52009
045,57,57,0,54058
045,58,58,0,54076
046,143,143,0,95358
046,142,142,0,95223
046,141,141,0,94853
046,140,140,0,93786
046,139,139,0,91973
046,138,138,0,91971
046,137,137,0,91871
046,136,136,0,91803
046,135,135,0,90246
046,134,134,0,90234
046,133,133,0,90038
046,132,132,0,89957
046,131,131,0,89533
046,130,130,0,88174
046,129,129,0,87500
046,128,128,0,87429
046,127,127,0,86895
046,58,58,0,44015
046,57,57,0,43976
046,56,56,0,43969
046,55,55,0,40909
046,54,54,0,40908
046,53,53,0,40663
046,52,52,0,40506
046,51,51,0,40504
046,50,50,0,40499
046,49,49,0,40474
046,48,48,0,40398
046,47,47,0,39716
046,46,46,0,39668
046,45,45,0,36182
046,44,44,0,34266
046,43,43,0,27738
046,42,42,0,27299
046,41,41,0,27269
046,40,40,0,26511
046,39,39,0,24569
046,38,38,0,24551
046,37,37,0,24547
046,36,36,0,24521
046,35,35,0,24512
046,34,34,0,7808
046,33,33,0,7032
046,32,32,0,6299
046,31,31,0,6277
046,30,30,0,5588
046,29,29,0,5578
046,12,12,0,3198
046,11,11,0,2984
046,10,10,0,2951
046,9,9,0,738
046,8,8,0,721
046,7,7,0,694
046,6,6,0,548
046,5,5,0,514
046,4,4,0,58
046,3,3,0,21
046,2,2,0,4
046,1,1,0,2
046,0,0,0,1
046,13,13,0,3201
046,14,14,0,3802
046,15,15,0,3896
046,16,16,0,3931
046,17,17,0,3971
046,18,18,0,4123
046,19,19,0,4304
046,20,20,0,5038
046,21,21,0,5052
046,22,22,0,5068
046,23,23,0,5139
046,24,24,0,5265
046,25,25,0,5359
046,26,26,0,5382
046,27,27,0,5435
046,28,28,0,5461
046,59,59,0,44116
046,60,60,0,45600
046,61,61,0,45633
046,62,62,0,45634
046,63,63,0,46258
046,64,64,0,47096
046,65,65,0,47265
046,66,66,0,47398
046,67,67,0,47537
046,68,68,0,48059
046,69,69,0,48938
046,70,70,0,49994
046,71,71,0,50246
046,72,72,0,50293
046,73,73,0,50343
046,74,74,0,59003
046,75,75,0,60995
046,76,76,0,61017
046,77,77,0,61173
046,78,78,0,61209
046,79,79,0,61357
046,80,80,0,61902
046,81,81,0,61907
046,82,82,0,61956
046,83,83,0,61969
046,84,84,0,62013
046,85,85,0,67954
046,86,86,0,68948
046,87,87,0,69111
046,88,88,0,70414
046,89,89,0,70526
046,90,90,0,70541
046,91,91,0,70545
046,92,92,0,70720
046,93,93,0,70735
046,94,94,0,71033
046,95,95,0,73092
046,96,96,0,73111
046,97,97,0,73124
046,98,98,0,73140
046,99,99,0,73256
046,100,100,0,75022
046,101,101,0,75024
046,102,102,0,75034
046,103,103,0,75043
046,104,104,0,75105
046,105,105,0,75989
046,106,106,0,77958
046,107,107,0,77972
046,108,108,0,78264
046,109,109,0,78310
046,110,110,0,80018
046,111,111,0,80359
046,112,112,0,80379
046,113,113,0,80456
046,114,114,0,80577
046,115,115,0,80868
046,116,116,0,80959
046,117,117,0,80965
046,118,118,0,81279
046,119,119,0,82195
046,120,120,0,82975
046,121,121,0,83003
046,122,122,0,83034
046,123,123,0,83118
046,124,124,0,83171
046,125,125,0,86722
046,126,126,0,86748
047,111,111,0,98644
047,110,110,0,97529
047,109,109,0,95971
047,108,108,0,94316
047,107,107,0,94296
047,106,106,0,94241
047,105,105,0,94178
047,104,104,0,94169
047,103,103,0,93903
047,102,102,0,93876
047,101,101,0,93852
047,100,100,0,88053
047,99,99,0,85336
047,98,98,0,85232
047,97,97,0,85213
047,96,96,0,85091
047,95,95,0,85058
047,94,94,0,84014
047,93,93,0,83915
047,92,92,0,83904
047,91,91,0,83780
047,90,90,0,83753
047,89,89,0,83729
047,88,88,0,83715
047,87,87,0,83672
047,86,86,0,83641
047,85,85,0,83629
047,84,84,0,82023
047,83,83,0,81359
047,82,82,0,81019
047,81,81,0,80780
047,80,80,0,80768
047,79,79,0,80416
047,78,78,0,80371
047,77,77,0,80250
047,76,76,0,80242
047,75,75,0,80087
047,74,74,0,80047
047,73,73,0,79973
047,72,72,0,78939
047,71,71,0,78745
047,70,70,0,78738
047,69,69,0,77256
047,68,68,0,77200
047,67,67,0,77179
047,66,66,0,77159
047,65,65,0,77153
047,64,64,0,76923
047,63,63,0,76713
047,62,62,0,76709
047,61,61,0,76697
047,60,60,0,76685
047,59,59,0,74561
047,28,28,0,43841
047,27,27,0,43814
047,26,26,0,43805
047,25,25,0,43793
047,24,24,0,43786
047,23,23,0,43090
047,22,22,0,42225
047,21,21,0,42144
047,20,20,0,42087
047,19,19,0,41913
047,18,18,0,40415
047,17,17,0,38810
047,16,16,0,38699
047,15,15,0,38667
047,14,14,0,23974
047,13,13,0,23822
047,0,0,0,1
047,1,1,0,2
047,2,2,0,4
047,3,3,0,16
047,4,4,0,49
047,5,5,0,738
047,6,6,0,1752
047,7,7,0,1786
047,8,8,0,1823
047,9,9,0,1827
047,10,10,0,13337
047,11,11,0,14280
047,12,12,0,16875
047,29,29,0,43861
047,30,30,0,44064
047,31,31,0,44077
047,32,32,0,44130
047,33,33,0,45741
047,34,34,0,46001
047,35,35,0,47549
047,36,36,0,56187
047,37,37,0,59810
047,38,38,0,59822
047,39,39,0,59895
047,40,40,0,62621
047,41,41,0,62733
047,42,42,0,62749
047,43,43,0,62759
047,44,44,0,62864
047,45,45,0,65186
047,46,46,0,65202
047,47,47,0,65238
047,48,48,0,65321
047,49,49,0,66593
047,50,50,0,68364
047,51,51,0,69253
047,52,52,0,69329
047,53,53,0,69350
047,54,54,0,69651
047,55,55,0,69687
047,56,56,0,70557
047,57,57,0,70645
047,58,58,0,74379
048,100,100,0,97424
048,99,99,0,93026
048,98,98,0,92927
048,97,97,0,92767
048,96,96,0,92763
048,95,95,0,92715
048,94,94,0,91409
048,93,93,0,89662
048,92,92,0,89519
048,91,91,0,89408
048,90,90,0,89334
048,89,89,0,88592
048,88,88,0,88140
048,87,87,0,87656
048,86,86,0,87643
048,85,85,0,87613
048,84,84,0,87568
048,83,83,0,85450
048,82,82,0,85342
048,81,81,0,84710
048,80,80,0,83964
048,79,79,0,82987
048,78,78,0,78206
048,77,77,0,78189
048,76,76,0,78186
048,75,75,0,66574
048,74,74,0,66446
048,73,73,0,65934
048,72,72,0,65848
048,71,71,0,61357
048,70,70,0,61334
048,69,69,0,61153
048,68,68,0,61149
048,67,67,0,59882
048,66,66,0,59830
048,65,65,0,59801
048,64,64,0,54000
048,63,63,0,53978
048,62,62,0,53479
048,61,61,0,53351
048,60,60,0,53295
048,59,59,0,53245
048,28,28,0,24721
048,27,27,0,21421
048,26,26,0,21352
048,25,25,0,21348
048,24,24,0,20616
048,23,23,0,18570
048,22,22,0,18568
048,21,21,0,11795
048,20,20,0,11701
048,19,19,0,10372
048,18,18,0,9054
048,17,17,0,8832
048,16,16,0,8718
048,15,15,0,7121
048,14,14,0,6780
048,13,13,0,6718
048,0,0,0,1
048,1,1,0,2
048,2,2,0,3
048,3,3,0,18
048,4,4,0,137
048,5,5,0,510
048,6,6,0,560
048,7,7,0,1293
048,8,8,0,1391
048,9,9,0,3428
048,10,10,0,6681
048,11,11,0,6689
048,12,12,0,6700
048,29,29,0,25484
048,30,30,0,28982
048,31,31,0,29003
048,32,32,0,29133
048,33,33,0,29884
048,34,34,0,36991
048,35,35,0,39601
048,36,36,0,39608
048,37,37,0,41826
048,38,38,0,41860
048,39,39,0,41863
048,40,40,0,43636
048,41,41,0,43644
048,42,42,0,43658
048,43,43,0,43663
048,44,44,0,44128
048,45,45,0,44320
048,46,46,0,50004
048,47,47,0,50008
048,48,48,0,50016
048,49,49,0,50022
048,50,50,0,51364
048,51,51,0,51396
048,52,52,0,51476
048,53,53,0,51832
048,54,54,0,51896
048,55,55,0,52025
048,56,56,0,52051
048,57,57,0,52063
048,58,58,0,52244
049,79,79,0,90025
049,78,78,0,89963
049,77,77,0,89805
049,76,76,0,89801
049,75,75,0,89780
049,74,74,0,85906
049,73,73,0,85827
049,72,72,0,85634
049,71,71,0,81223
049,70,70,0,80210
049,69,69,0,80192
049,68,68,0,80185
049,67,67,0,80161
049,66,66,0,80155
049,65,65,0,80123
049,64,64,0,76630
049,63,63,0,76623
049,62,62,0,76615
049,61,61,0,76604
049,60,60,0,73486
049,59,59,0,73128
049,28,28,0,37755
049,27,27,0,37589
049,26,26,0,35347
049,25,25,0,35325
049,24,24,0,34122
049,23,23,0,33967
049,22,22,0,33929
049,21,21,0,24009
049,20,20,0,20844
049,19,19,0,14914
049,18,18,0,14911
049,17,17,0,13499
049,16,16,0,11145
049,15,15,0,11135
049,14,14,0,5632
049,13,13,0,5108
049,0,0,0,1
049,1,1,0,2
049,2,2,0,4
049,3,3,0,20
049,4,4,0,152
049,5,5,0,153
049,6,6,0,2945
049,7,7,0,2971
049,8,8,0,3199
049,9,9,0,4392
049,10,10,0,4418
049,11,11,0,4437
049,12,12,0,4555
049,29,29,0,40426
049,30,30,0,41358
049,31,31,0,41405
049,32,32,0,41447
049,33,33,0,42349
049,34,34,0,42707
049,35,35,0,42734
049,36,36,0,51525
049,37,37,0,51702
049,38,38,0,51720
049,39,39,0,52734
049,40,40,0,58844
049,41,41,0,58853
049,42,42,0,58863
049,43,43,0,58890
049,44,44,0,58948
049,45,45,0,59234
049,46,46,0,59874
049,47,47,0,59891
049,48,48,0,62729
049,49,49,0,62753
049,50,50,0,62766
049,51,51,0,62821
049,52,52,0,62867
049,53,53,0,62887
049,54,54,0,62898
049,55,55,0,63515
049,56,56,0,67793
049,57,57,0,67844
049,58,58,0,67939
050,123,123,0,99653
050,122,122,0,99589
050,121,121,0,98378
050,120,120,0,98354
050,119,119,0,97278
050,118,118,0,93553
050,117,117,0,93545
050,116,116,0,93366
050,115,115,0,93347
050,114,114,0,93064
050,113,113,0,92412
050,112,112,0,92320
050,111,111,0,92271
050,110,110,0,92267
050,109,109,0,89539
050,108,108,0,89336
050,107,107,0,89300
050,106,106,0,89070
050,105,105,0,89067
050,104,104,0,89054
050,103,103,0,88639
050,102,102,0,87824
050,101,101,0,87769
050,100,100,0,80616
050,99,99,0,80583
050,98,98,0,80538
050,97,97,0,80071
050,96,96,0,80066
050,95,95,0,80042
050,94,94,0,78103
050,93,93,0,78047
050,92,92,0,78015
050,91,91,0,77897
050,90,90,0,77891
050,89,89,0,77882
050,88,88,0,76119
050,87,87,0,75844
050,86,86,0,75841
050,85,85,0,75130
050,84,84,0,74583
050,83,83,0,74376
050,82,82,0,74276
050,81,81,0,74265
050,80,80,0,71247
050,79,79,0,70468
050,78,78,0,70429
050,77,77,0,70057
050,76,76,0,69933
050,75,75,0,69901
050,74,74,0,69741
050,73,73,0,68798
050,72,72,0,68646
050,71,71,0,68585
050,70,70,0,68569
050,69,69,0,65443
050,68,68,0,65358
050,67,67,0,65244
050,66,66,0,65198
050,65,65,0,65194
050,64,64,0,65167
050,63,63,0,65089
050,62,62,0,64968
050,61,61,0,64818
050,60,60,0,64157
050,59,59,0,62162
050,28,28,0,28216
050,27,27,0,27676
050,26,26,0,27668
050,25,25,0,27630
050,24,24,0,25944
050,23,23,0,23795
050,22,22,0,23302
050,21,21,0,23301
050,20,20,0,21842
050,19,19,0,21785
050,18,18,0,8023
050,17,17,0,5686
050,16,16,0,5581
050,15,15,0,5568
050,14,14,0,4861
050,13,13,0,4716
050,0,0,0,1
050,1,1,0,2
050,2,2,0,3
050,3,3,0,32
050,4,4,0,111
050,5,5,0,1102
050,6,6,0,2020
050,7,7,0,2105
050,8,8,0,2154
050,9,9,0,2660
050,10,10,0,3517
050,11,11,0,4483
050,12,12,0,4642
050,29,29,0,28469
050,30,30,0,28567
050,31,31,0,28694
050,32,32,0,28718
050,33,33,0,28723
050,34,34,0,28935
050,35,35,0,29359
050,36,36,0,30442
050,37,37,0,30471
050,38,38,0,30624
050,39,39,0,30846
050,40,40,0,32969
050,41,41,0,34016
050,42,42,0,34090
050,43,43,0,34291
050,44,44,0,34644
050,45,45,0,55782
050,46,46,0,61269
050,47,47,0,61273
050,48,48,0,61305
050,49,49,0,61388
050,50,50,0,61563
050,51,51,0,61610
050,52,52,0,61643
050,53,53,0,61849
050,54,54,0,61990
050,55,55,0,62072
050,56,56,0,62087
050,57,57,0,62095
050,58,58,0,62125
